Year,Region_AR,Region_EN,Hospital_AR,Hospital_EN,Speciality_AR,Speciality_EN,Beds
2005,أبو ظبي,Abu Dhabi,الرحبة,Al Rahba,باطنة,Internal Medicine,16
2005,أبو ظبي,Abu Dhabi,الرحبة,Al Rahba,صدريــــــة,Pulmonology,0
2005,أبو ظبي,Abu Dhabi,الرحبة,Al Rahba,قلــــب,Cardiology,0
2005,أبو ظبي,Abu Dhabi,الرحبة,Al Rahba,امراض عصبية,Neurology,0
2005,أبو ظبي,Abu Dhabi,الرحبة,Al Rahba,عصبیة ونفسیة,Psychiatry,0
2005,أبو ظبي,Abu Dhabi,الرحبة,Al Rahba,جلدية وتناسلیة,Dermatology,0
2005,أبو ظبي,Abu Dhabi,الرحبة,Al Rahba,اطفال باطنـــة,Paediatric Medicine,16
2005,أبو ظبي,Abu Dhabi,الرحبة,Al Rahba,جراحة عامــــة,General Surgery,26
2005,أبو ظبي,Abu Dhabi,الرحبة,Al Rahba,جــــراحة صدر,Thoracic Surgery,0
2005,أبو ظبي,Abu Dhabi,الرحبة,Al Rahba,جـــــراحة قلب,Cardiac Surgery,0
2005,أبو ظبي,Abu Dhabi,الرحبة,Al Rahba,جراحة اعصـاب,Neurosurgery,0
2005,أبو ظبي,Abu Dhabi,الرحبة,Al Rahba,مسالك بولیــــة,Urology,0
2005,أبو ظبي,Abu Dhabi,الرحبة,Al Rahba,جراحة اطفـــال,Paediatric Surgery,0
2005,أبو ظبي,Abu Dhabi,الرحبة,Al Rahba,عظام,Orthopedics,0
2005,أبو ظبي,Abu Dhabi,الرحبة,Al Rahba,حروق و تقويم,Plastic Surgery,0
2005,أبو ظبي,Abu Dhabi,الرحبة,Al Rahba,عیــــــــــــــون,Ophthalmology,1
2005,أبو ظبي,Abu Dhabi,الرحبة,Al Rahba,انــــــــف واذن,"Ear, Nose, and Throat",1
2005,أبو ظبي,Abu Dhabi,الرحبة,Al Rahba,نســــاء وولادة,Gynaecology,38
2005,أبو ظبي,Abu Dhabi,الرحبة,Al Rahba,قبـــل الـولادة ,Obstetrics (Antenatal),0
2005,أبو ظبي,Abu Dhabi,الرحبة,Al Rahba,بعـــــد الولادة,Obstetrics (Postnatal),0
2005,أبو ظبي,Abu Dhabi,الرحبة,Al Rahba,اوعية دموية,Cardiovascular,0
2005,أبو ظبي,Abu Dhabi,الرحبة,Al Rahba,الاورام,Tumors,0
2005,أبو ظبي,Abu Dhabi,الرحبة,Al Rahba,عـــــام,General Medicine,0
2005,أبو ظبي,Abu Dhabi,الرحبة,Al Rahba,مسنـــــــــــین,Geriatrics,0
2005,أبو ظبي,Abu Dhabi,الرحبة,Al Rahba,تاھیــــــــــــل,Rehabilitation,0
2005,أبو ظبي,Abu Dhabi,الرحبة,Al Rahba,اسنــــــــــــان,Dental,0
2005,أبو ظبي,Abu Dhabi,الرحبة,Al Rahba,حديثى الولادة,Neonatal,0
2005,أبو ظبي,Abu Dhabi,الرحبة,Al Rahba,اخـــــــــــــرى,Others,8
2005,أبو ظبي,Abu Dhabi,الرحبة,Al Rahba,الجملة,Total,106
2005,أبو ظبي,Abu Dhabi,المفـرق,Marfraq,باطنة,Internal Medicine,9
2005,أبو ظبي,Abu Dhabi,المفـرق,Marfraq,صدريــــــة,Pulmonogloy,0
2005,أبو ظبي,Abu Dhabi,المفـرق,Marfraq,قلــــب,Cardiology,23
2005,أبو ظبي,Abu Dhabi,المفـرق,Marfraq,امراض عصبية,Neurology,3
2005,أبو ظبي,Abu Dhabi,المفـرق,Marfraq,عصبیة ونفسیة,Psychiatry,0
2005,أبو ظبي,Abu Dhabi,المفـرق,Marfraq,جلدية وتناسلیة,Dermatology,0
2005,أبو ظبي,Abu Dhabi,المفـرق,Marfraq,اطفال باطنـــة,Paediatric Medicine,36
2005,أبو ظبي,Abu Dhabi,المفـرق,Marfraq,جراحة عامــــة,General Surgery,47
2005,أبو ظبي,Abu Dhabi,المفـرق,Marfraq,جــــراحة صدر,Thoracic Surgery,4
2005,أبو ظبي,Abu Dhabi,المفـرق,Marfraq,جـــــراحة قلب,Cardiac Surgery,4
2005,أبو ظبي,Abu Dhabi,المفـرق,Marfraq,جراحة اعصـاب,Neurosurgery,9
2005,أبو ظبي,Abu Dhabi,المفـرق,Marfraq,مسالك بولیــــة,Urology,15
2005,أبو ظبي,Abu Dhabi,المفـرق,Marfraq,جراحة اطفـــال,Paediatric Surgery,17
2005,أبو ظبي,Abu Dhabi,المفـرق,Marfraq,عظام,Orthopedics,24
2005,أبو ظبي,Abu Dhabi,المفـرق,Marfraq,حروق و تقويم,Plastic Surgery,9
2005,أبو ظبي,Abu Dhabi,المفـرق,Marfraq,عیــــــــــــــون,Ophthalmology,22
2005,أبو ظبي,Abu Dhabi,المفـرق,Marfraq,انــــــــف واذن,"Ear, Nose, and Throat",19
2005,أبو ظبي,Abu Dhabi,المفـرق,Marfraq,نســــاء وولادة,Gynaecology,22
2005,أبو ظبي,Abu Dhabi,المفـرق,Marfraq,قبـــل الـولادة ,Obstetrics (Antenatal),61
2005,أبو ظبي,Abu Dhabi,المفـرق,Marfraq,بعـــــد الولادة,Obstetrics (Postnatal),0
2005,أبو ظبي,Abu Dhabi,المفـرق,Marfraq,طــــــب نووى,Radiation Therapy,0
2005,أبو ظبي,Abu Dhabi,المفـرق,Marfraq,الاورام,Tumors,52
2005,أبو ظبي,Abu Dhabi,المفـرق,Marfraq,عـــــام,General Medicine,24
2005,أبو ظبي,Abu Dhabi,المفـرق,Marfraq,مسنـــــــــــین,Geriatrics,0
2005,أبو ظبي,Abu Dhabi,المفـرق,Marfraq,تاھیــــــــــــل,Rehabilitation,0
2005,أبو ظبي,Abu Dhabi,المفـرق,Marfraq,اسنــــــــــــان,Dental,0
2005,أبو ظبي,Abu Dhabi,المفـرق,Marfraq,حديثى الولادة,Neonatal,54
2005,أبو ظبي,Abu Dhabi,المفـرق,Marfraq,اخـــــــــــــرى,Others,4
2005,أبو ظبي,Abu Dhabi,المفـرق,Marfraq,الجملة,Total,458
2005,أبو ظبي,Abu Dhabi,الشيخ خليفة المفرق,S.K.M.C. (Sheikh Khalifa Al Mafraq),باطنة,Internal Medicine,113
2005,أبو ظبي,Abu Dhabi,الشيخ خليفة المفرق,S.K.M.C. (Sheikh Khalifa Al Mafraq),صدريــــــة,Pulmonogloy,0
2005,أبو ظبي,Abu Dhabi,الشيخ خليفة المفرق,S.K.M.C. (Sheikh Khalifa Al Mafraq),قلــــب,Cardiology,85
2005,أبو ظبي,Abu Dhabi,الشيخ خليفة المفرق,S.K.M.C. (Sheikh Khalifa Al Mafraq),امراض عصبية,Neurology,7
2005,أبو ظبي,Abu Dhabi,الشيخ خليفة المفرق,S.K.M.C. (Sheikh Khalifa Al Mafraq),عصبیة ونفسیة,Psychiatry,0
2005,أبو ظبي,Abu Dhabi,الشيخ خليفة المفرق,S.K.M.C. (Sheikh Khalifa Al Mafraq),جلدية وتناسلیة,Dermatology,1
2005,أبو ظبي,Abu Dhabi,الشيخ خليفة المفرق,S.K.M.C. (Sheikh Khalifa Al Mafraq),اطفال باطنـــة,Paediatric Medicine,40
2005,أبو ظبي,Abu Dhabi,الشيخ خليفة المفرق,S.K.M.C. (Sheikh Khalifa Al Mafraq),جراحة عامــــة,General Surgery,33
2005,أبو ظبي,Abu Dhabi,الشيخ خليفة المفرق,S.K.M.C. (Sheikh Khalifa Al Mafraq),جــــراحة صدر,Thoracic Surgery,1
2005,أبو ظبي,Abu Dhabi,الشيخ خليفة المفرق,S.K.M.C. (Sheikh Khalifa Al Mafraq),جـــــراحة قلب,Cardiac Surgery,0
2005,أبو ظبي,Abu Dhabi,الشيخ خليفة المفرق,S.K.M.C. (Sheikh Khalifa Al Mafraq),جراحة اعصـاب,Neurosurgery,12
2005,أبو ظبي,Abu Dhabi,الشيخ خليفة المفرق,S.K.M.C. (Sheikh Khalifa Al Mafraq),مسالك بولیــــة,Urology,23
2005,أبو ظبي,Abu Dhabi,الشيخ خليفة المفرق,S.K.M.C. (Sheikh Khalifa Al Mafraq),جراحة اطفـــال,Paediatric Surgery,11
2005,أبو ظبي,Abu Dhabi,الشيخ خليفة المفرق,S.K.M.C. (Sheikh Khalifa Al Mafraq),عظام,Orthopedics,35
2005,أبو ظبي,Abu Dhabi,الشيخ خليفة المفرق,S.K.M.C. (Sheikh Khalifa Al Mafraq),حروق و تقويم,Plastic Surgery,15
2005,أبو ظبي,Abu Dhabi,الشيخ خليفة المفرق,S.K.M.C. (Sheikh Khalifa Al Mafraq),عیــــــــــــــون,Ophthalmology,9
2005,أبو ظبي,Abu Dhabi,الشيخ خليفة المفرق,S.K.M.C. (Sheikh Khalifa Al Mafraq),انــــــــف واذن,"Ear, Nose, and Throat",23
2005,أبو ظبي,Abu Dhabi,الشيخ خليفة المفرق,S.K.M.C. (Sheikh Khalifa Al Mafraq),نســــاء وولادة,Gynaecology,0
2005,أبو ظبي,Abu Dhabi,الشيخ خليفة المفرق,S.K.M.C. (Sheikh Khalifa Al Mafraq),قبـــل الـولادة ,Obstetrics (Antenatal),0
2005,أبو ظبي,Abu Dhabi,الشيخ خليفة المفرق,S.K.M.C. (Sheikh Khalifa Al Mafraq),بعـــــد الولادة,Obstetrics (Postnatal),0
2005,أبو ظبي,Abu Dhabi,الشيخ خليفة المفرق,S.K.M.C. (Sheikh Khalifa Al Mafraq),طــــــب نووى,Radiation Therapy,0
2005,أبو ظبي,Abu Dhabi,الشيخ خليفة المفرق,S.K.M.C. (Sheikh Khalifa Al Mafraq),الاورام,Tumors,4
2005,أبو ظبي,Abu Dhabi,الشيخ خليفة المفرق,S.K.M.C. (Sheikh Khalifa Al Mafraq),عـــــام,General Medicine,0
2005,أبو ظبي,Abu Dhabi,الشيخ خليفة المفرق,S.K.M.C. (Sheikh Khalifa Al Mafraq),مسنـــــــــــین,Geriatrics,0
2005,أبو ظبي,Abu Dhabi,الشيخ خليفة المفرق,S.K.M.C. (Sheikh Khalifa Al Mafraq),تاھیــــــــــــل,Rehabilitation,0
2005,أبو ظبي,Abu Dhabi,الشيخ خليفة المفرق,S.K.M.C. (Sheikh Khalifa Al Mafraq),اسنــــــــــــان,Dental,0
2005,أبو ظبي,Abu Dhabi,الشيخ خليفة المفرق,S.K.M.C. (Sheikh Khalifa Al Mafraq),حديثى الولادة,Neonatal,0
2005,أبو ظبي,Abu Dhabi,الشيخ خليفة المفرق,S.K.M.C. (Sheikh Khalifa Al Mafraq),اخـــــــــــــرى,Others,53
2005,أبو ظبي,Abu Dhabi,الشيخ خليفة المفرق,S.K.M.C. (Sheikh Khalifa Al Mafraq),الجملة,Total,465
2005,أبو ظبي,Abu Dhabi,الجملة,Total,باطنة,Internal Medicine,138
2005,أبو ظبي,Abu Dhabi,الجملة,Total,صدريــــــة,Pulmonology,0
2005,أبو ظبي,Abu Dhabi,الجملة,Total,قلــــب,Cardiology,108
2005,أبو ظبي,Abu Dhabi,الجملة,Total,امراض عصبية,Neurology,10
2005,أبو ظبي,Abu Dhabi,الجملة,Total,عصبیة ونفسیة,Psychiatry,0
2005,أبو ظبي,Abu Dhabi,الجملة,Total,جلدية وتناسلیة,Dermatology,1
2005,أبو ظبي,Abu Dhabi,الجملة,Total,اطفال باطنـــة,Paediatric Medicine,92
2005,أبو ظبي,Abu Dhabi,الجملة,Total,جراحة عامــــة,General Surgery,106
2005,أبو ظبي,Abu Dhabi,الجملة,Total,جــــراحة صدر,Thoracic Surgery,5
2005,أبو ظبي,Abu Dhabi,الجملة,Total,جـــــراحة قلب,Cardiac Surgery,4
2005,أبو ظبي,Abu Dhabi,الجملة,Total,جراحة اعصـاب,Neurosurgery,21
2005,أبو ظبي,Abu Dhabi,الجملة,Total,مسالك بولیــــة,Urology,38
2005,أبو ظبي,Abu Dhabi,الجملة,Total,جراحة اطفـــال,Paediatric Surgery,28
2005,أبو ظبي,Abu Dhabi,الجملة,Total,عظام,Orthopedics,59
2005,أبو ظبي,Abu Dhabi,الجملة,Total,حروق و تقويم,Plastic Surgery,24
2005,أبو ظبي,Abu Dhabi,الجملة,Total,عیــــــــــــــون,Ophthalmology,32
2005,أبو ظبي,Abu Dhabi,الجملة,Total,انــــــــف واذن,"Ear, Nose, and Throat",43
2005,أبو ظبي,Abu Dhabi,الجملة,Total,نســــاء وولادة,Gynaecology,60
2005,أبو ظبي,Abu Dhabi,الجملة,Total,قبـــل الـولادة ,Obstetrics (Antenatal),61
2005,أبو ظبي,Abu Dhabi,الجملة,Total,بعـــــد الولادة,Obstetrics (Postnatal),0
2005,أبو ظبي,Abu Dhabi,الجملة,Total,طــــــب نووى,Radiation Therapy,0
2005,أبو ظبي,Abu Dhabi,الجملة,Total,الاورام,Tumors,56
2005,أبو ظبي,Abu Dhabi,الجملة,Total,عـــــام,General Medicine,24
2005,أبو ظبي,Abu Dhabi,الجملة,Total,مسنـــــــــــین,Geriatrics,0
2005,أبو ظبي,Abu Dhabi,الجملة,Total,تاھیــــــــــــل,Rehabilitation,0
2005,أبو ظبي,Abu Dhabi,الجملة,Total,اسنــــــــــــان,Dental,0
2005,أبو ظبي,Abu Dhabi,الجملة,Total,حديثى الولادة,Neonatal,54
2005,أبو ظبي,Abu Dhabi,الجملة,Total,اخـــــــــــــرى,Others,65
2005,أبو ظبي,Abu Dhabi,الجملة,Total,الجملة,Total,"1,029"
2005,المنطقة الغربية,Western Region,غیــــــــــــاثى,Gayathi,باطنة,Internal Medicine,0
2005,المنطقة الغربية,Western Region,غیــــــــــــاثى,Gayathi,صدريــــــة,Pulmonology,0
2005,المنطقة الغربية,Western Region,غیــــــــــــاثى,Gayathi,قلــــب,Cardiology,0
2005,المنطقة الغربية,Western Region,غیــــــــــــاثى,Gayathi,امراض عصبية,Neurology,0
2005,المنطقة الغربية,Western Region,غیــــــــــــاثى,Gayathi,عصبیة ونفسیة,Psychiatry,0
2005,المنطقة الغربية,Western Region,غیــــــــــــاثى,Gayathi,جلدية وتناسلیة,Dermatology,0
2005,المنطقة الغربية,Western Region,غیــــــــــــاثى,Gayathi,اطفال باطنـــة,Paediatric Medicine,0
2005,المنطقة الغربية,Western Region,غیــــــــــــاثى,Gayathi,جراحة عامــــة,General Surgery,0
2005,المنطقة الغربية,Western Region,غیــــــــــــاثى,Gayathi,جــــراحة صدر,Thoracic Surgery,0
2005,المنطقة الغربية,Western Region,غیــــــــــــاثى,Gayathi,جـــــراحة قلب,Cardiac Surgery,0
2005,المنطقة الغربية,Western Region,غیــــــــــــاثى,Gayathi,جراحة اعصـاب,Neurosurgery,0
2005,المنطقة الغربية,Western Region,غیــــــــــــاثى,Gayathi,مسالك بولیــــة,Urology,0
2005,المنطقة الغربية,Western Region,غیــــــــــــاثى,Gayathi,جراحة اطفـــال,Paediatric Surgery,0
2005,المنطقة الغربية,Western Region,غیــــــــــــاثى,Gayathi,عظام,Orthopedics,0
2005,المنطقة الغربية,Western Region,غیــــــــــــاثى,Gayathi,حروق و تقويم,Plastic Surgery,0
2005,المنطقة الغربية,Western Region,غیــــــــــــاثى,Gayathi,عیــــــــــــــون,Ophthalmology,0
2005,المنطقة الغربية,Western Region,غیــــــــــــاثى,Gayathi,انــــــــف واذن,"Ear, Nose, and Throat",0
2005,المنطقة الغربية,Western Region,غیــــــــــــاثى,Gayathi,نســــاء وولادة,Gynaecology,0
2005,المنطقة الغربية,Western Region,غیــــــــــــاثى,Gayathi,قبـــل الـولادة ,Obstetrics (Antenatal),0
2005,المنطقة الغربية,Western Region,غیــــــــــــاثى,Gayathi,بعـــــد الولادة,Obstetrics (Postnatal),0
2005,المنطقة الغربية,Western Region,غیــــــــــــاثى,Gayathi,طــــــب نووى,Radiation Therapy,0
2005,المنطقة الغربية,Western Region,غیــــــــــــاثى,Gayathi,الاورام,Tumors,0
2005,المنطقة الغربية,Western Region,غیــــــــــــاثى,Gayathi,عـــــام,General Medicine,50
2005,المنطقة الغربية,Western Region,غیــــــــــــاثى,Gayathi,مسنـــــــــــین,Geriatrics,0
2005,المنطقة الغربية,Western Region,غیــــــــــــاثى,Gayathi,تاھیــــــــــــل,Rehabilitation,0
2005,المنطقة الغربية,Western Region,غیــــــــــــاثى,Gayathi,اسنــــــــــــان,Dental,0
2005,المنطقة الغربية,Western Region,غیــــــــــــاثى,Gayathi,حديثى الولادة,Neonatal,0
2005,المنطقة الغربية,Western Region,غیــــــــــــاثى,Gayathi,اخـــــــــــــرى,Others,0
2005,المنطقة الغربية,Western Region,غیــــــــــــاثى,Gayathi,الجملة,Total,50
2005,المنطقة الغربية,Western Region,المرفـــــــــــأ,Marfaa,باطنة,Internal Medicine,0
2005,المنطقة الغربية,Western Region,المرفـــــــــــأ,Marfaa,صدريــــــة,Pulmonology,0
2005,المنطقة الغربية,Western Region,المرفـــــــــــأ,Marfaa,قلــــب,Cardiology,0
2005,المنطقة الغربية,Western Region,المرفـــــــــــأ,Marfaa,امراض عصبية,Neurology,0
2005,المنطقة الغربية,Western Region,المرفـــــــــــأ,Marfaa,عصبیة ونفسیة,Psychiatry,0
2005,المنطقة الغربية,Western Region,المرفـــــــــــأ,Marfaa,جلدية وتناسلیة,Dermatology,0
2005,المنطقة الغربية,Western Region,المرفـــــــــــأ,Marfaa,اطفال باطنـــة,Paediatric Medicine,0
2005,المنطقة الغربية,Western Region,المرفـــــــــــأ,Marfaa,جراحة عامــــة,General Surgery,0
2005,المنطقة الغربية,Western Region,المرفـــــــــــأ,Marfaa,جــــراحة صدر,Thoracic Surgery,0
2005,المنطقة الغربية,Western Region,المرفـــــــــــأ,Marfaa,جـــــراحة قلب,Cardiac Surgery,0
2005,المنطقة الغربية,Western Region,المرفـــــــــــأ,Marfaa,جراحة اعصـاب,Neurosurgery,0
2005,المنطقة الغربية,Western Region,المرفـــــــــــأ,Marfaa,مسالك بولیــــة,Urology,0
2005,المنطقة الغربية,Western Region,المرفـــــــــــأ,Marfaa,جراحة اطفـــال,Paediatric Surgery,0
2005,المنطقة الغربية,Western Region,المرفـــــــــــأ,Marfaa,عظام,Orthopedics,0
2005,المنطقة الغربية,Western Region,المرفـــــــــــأ,Marfaa,حروق و تقويم,Plastic Surgery,0
2005,المنطقة الغربية,Western Region,المرفـــــــــــأ,Marfaa,عیــــــــــــــون,Ophthalmology,0
2005,المنطقة الغربية,Western Region,المرفـــــــــــأ,Marfaa,انــــــــف واذن,"Ear, Nose, and Throat",0
2005,المنطقة الغربية,Western Region,المرفـــــــــــأ,Marfaa,نســــاء وولادة,Gynaecology,0
2005,المنطقة الغربية,Western Region,المرفـــــــــــأ,Marfaa,قبـــل الـولادة ,Obstetrics (Antenatal),0
2005,المنطقة الغربية,Western Region,المرفـــــــــــأ,Marfaa,بعـــــد الولادة,Obstetrics (Postnatal),0
2005,المنطقة الغربية,Western Region,المرفـــــــــــأ,Marfaa,طــــــب نووى,Radiation Therapy,0
2005,المنطقة الغربية,Western Region,المرفـــــــــــأ,Marfaa,الاورام,Tumors,0
2005,المنطقة الغربية,Western Region,المرفـــــــــــأ,Marfaa,عـــــام,General Medicine,25
2005,المنطقة الغربية,Western Region,المرفـــــــــــأ,Marfaa,مسنـــــــــــین,Geriatrics,0
2005,المنطقة الغربية,Western Region,المرفـــــــــــأ,Marfaa,تاھیــــــــــــل,Rehabilitation,0
2005,المنطقة الغربية,Western Region,المرفـــــــــــأ,Marfaa,اسنــــــــــــان,Dental,0
2005,المنطقة الغربية,Western Region,المرفـــــــــــأ,Marfaa,حديثى الولادة,Neonatal,0
2005,المنطقة الغربية,Western Region,المرفـــــــــــأ,Marfaa,اخـــــــــــــرى,Others,0
2005,المنطقة الغربية,Western Region,المرفـــــــــــأ,Marfaa,الجملة,Total,25
2005,المنطقة الغربية,Western Region,السلــــــــــــع,Al Sela,باطنة,Internal Medicine,0
2005,المنطقة الغربية,Western Region,السلــــــــــــع,Al Sela,صدريــــــة,Pulmonology,0
2005,المنطقة الغربية,Western Region,السلــــــــــــع,Al Sela,قلــــب,Cardiology,0
2005,المنطقة الغربية,Western Region,السلــــــــــــع,Al Sela,امراض عصبية,Neurology,0
2005,المنطقة الغربية,Western Region,السلــــــــــــع,Al Sela,عصبیة ونفسیة,Psychiatry,0
2005,المنطقة الغربية,Western Region,السلــــــــــــع,Al Sela,جلدية وتناسلیة,Dermatology,0
2005,المنطقة الغربية,Western Region,السلــــــــــــع,Al Sela,اطفال باطنـــة,Paediatric Medicine,0
2005,المنطقة الغربية,Western Region,السلــــــــــــع,Al Sela,جراحة عامــــة,General Surgery,0
2005,المنطقة الغربية,Western Region,السلــــــــــــع,Al Sela,جــــراحة صدر,Thoracic Surgery,0
2005,المنطقة الغربية,Western Region,السلــــــــــــع,Al Sela,جـــــراحة قلب,Cardiac Surgery,0
2005,المنطقة الغربية,Western Region,السلــــــــــــع,Al Sela,جراحة اعصـاب,Neurosurgery,0
2005,المنطقة الغربية,Western Region,السلــــــــــــع,Al Sela,مسالك بولیــــة,Urology,0
2005,المنطقة الغربية,Western Region,السلــــــــــــع,Al Sela,جراحة اطفـــال,Paediatric Surgery,0
2005,المنطقة الغربية,Western Region,السلــــــــــــع,Al Sela,عظام,Orthopedics,0
2005,المنطقة الغربية,Western Region,السلــــــــــــع,Al Sela,حروق و تقويم,Plastic Surgery,0
2005,المنطقة الغربية,Western Region,السلــــــــــــع,Al Sela,عیــــــــــــــون,Ophthalmology,0
2005,المنطقة الغربية,Western Region,السلــــــــــــع,Al Sela,انــــــــف واذن,"Ear, Nose, and Throat",0
2005,المنطقة الغربية,Western Region,السلــــــــــــع,Al Sela,نســــاء وولادة,Gynaecology,0
2005,المنطقة الغربية,Western Region,السلــــــــــــع,Al Sela,قبـــل الـولادة ,Obstetrics (Antenatal),0
2005,المنطقة الغربية,Western Region,السلــــــــــــع,Al Sela,بعـــــد الولادة,Obstetrics (Postnatal),0
2005,المنطقة الغربية,Western Region,السلــــــــــــع,Al Sela,طــــــب نووى,Radiation Therapy,0
2005,المنطقة الغربية,Western Region,السلــــــــــــع,Al Sela,الاورام,Tumors,0
2005,المنطقة الغربية,Western Region,السلــــــــــــع,Al Sela,عـــــام,General Medicine,50
2005,المنطقة الغربية,Western Region,السلــــــــــــع,Al Sela,مسنـــــــــــین,Geriatrics,0
2005,المنطقة الغربية,Western Region,السلــــــــــــع,Al Sela,تاھیــــــــــــل,Rehabilitation,0
2005,المنطقة الغربية,Western Region,السلــــــــــــع,Al Sela,اسنــــــــــــان,Dental,0
2005,المنطقة الغربية,Western Region,السلــــــــــــع,Al Sela,حديثى الولادة,Neonatal,0
2005,المنطقة الغربية,Western Region,السلــــــــــــع,Al Sela,اخـــــــــــــرى,Others,0
2005,المنطقة الغربية,Western Region,السلــــــــــــع,Al Sela,الجملة,Total,50
2005,المنطقة الغربية,Western Region,دلمــــــــــــــا,Delma,باطنة,Internal Medicine,0
2005,المنطقة الغربية,Western Region,دلمــــــــــــــا,Delma,صدريــــــة,Pulmonology,0
2005,المنطقة الغربية,Western Region,دلمــــــــــــــا,Delma,قلــــب,Cardiology,0
2005,المنطقة الغربية,Western Region,دلمــــــــــــــا,Delma,امراض عصبية,Neurology,0
2005,المنطقة الغربية,Western Region,دلمــــــــــــــا,Delma,عصبیة ونفسیة,Psychiatry,0
2005,المنطقة الغربية,Western Region,دلمــــــــــــــا,Delma,جلدية وتناسلیة,Dermatology,0
2005,المنطقة الغربية,Western Region,دلمــــــــــــــا,Delma,اطفال باطنـــة,Paediatric Medicine,0
2005,المنطقة الغربية,Western Region,دلمــــــــــــــا,Delma,جراحة عامــــة,General Surgery,0
2005,المنطقة الغربية,Western Region,دلمــــــــــــــا,Delma,جــــراحة صدر,Thoracic Surgery,0
2005,المنطقة الغربية,Western Region,دلمــــــــــــــا,Delma,جـــــراحة قلب,Cardiac Surgery,0
2005,المنطقة الغربية,Western Region,دلمــــــــــــــا,Delma,جراحة اعصـاب,Neurosurgery,0
2005,المنطقة الغربية,Western Region,دلمــــــــــــــا,Delma,مسالك بولیــــة,Urology,0
2005,المنطقة الغربية,Western Region,دلمــــــــــــــا,Delma,جراحة اطفـــال,Paediatric Surgery,0
2005,المنطقة الغربية,Western Region,دلمــــــــــــــا,Delma,عظام,Orthopedics,0
2005,المنطقة الغربية,Western Region,دلمــــــــــــــا,Delma,حروق و تقويم,Plastic Surgery,0
2005,المنطقة الغربية,Western Region,دلمــــــــــــــا,Delma,عیــــــــــــــون,Ophthalmology,0
2005,المنطقة الغربية,Western Region,دلمــــــــــــــا,Delma,انــــــــف واذن,"Ear, Nose, and Throat",0
2005,المنطقة الغربية,Western Region,دلمــــــــــــــا,Delma,نســــاء وولادة,Gynaecology,0
2005,المنطقة الغربية,Western Region,دلمــــــــــــــا,Delma,قبـــل الـولادة ,Obstetrics (Antenatal),0
2005,المنطقة الغربية,Western Region,دلمــــــــــــــا,Delma,بعـــــد الولادة,Obstetrics (Postnatal),0
2005,المنطقة الغربية,Western Region,دلمــــــــــــــا,Delma,طــــــب نووى,Radiation Therapy,0
2005,المنطقة الغربية,Western Region,دلمــــــــــــــا,Delma,الاورام,Tumors,0
2005,المنطقة الغربية,Western Region,دلمــــــــــــــا,Delma,عـــــام,General Medicine,50
2005,المنطقة الغربية,Western Region,دلمــــــــــــــا,Delma,مسنـــــــــــین,Geriatrics,0
2005,المنطقة الغربية,Western Region,دلمــــــــــــــا,Delma,تاھیــــــــــــل,Rehabilitation,0
2005,المنطقة الغربية,Western Region,دلمــــــــــــــا,Delma,اسنــــــــــــان,Dental,0
2005,المنطقة الغربية,Western Region,دلمــــــــــــــا,Delma,حديثى الولادة,Neonatal,0
2005,المنطقة الغربية,Western Region,دلمــــــــــــــا,Delma,اخـــــــــــــرى,Others,0
2005,المنطقة الغربية,Western Region,دلمــــــــــــــا,Delma,الجملة,Total,50
2005,المنطقة الغربية,Western Region,مدينــــــة ذايد,Zayed City,باطنة,Internal Medicine,31
2005,المنطقة الغربية,Western Region,مدينــــــة ذايد,Zayed City,صدريــــــة,Pulmonology,0
2005,المنطقة الغربية,Western Region,مدينــــــة ذايد,Zayed City,قلــــب,Cardiology,3
2005,المنطقة الغربية,Western Region,مدينــــــة ذايد,Zayed City,امراض عصبية,Neurology,0
2005,المنطقة الغربية,Western Region,مدينــــــة ذايد,Zayed City,عصبیة ونفسیة,Psychiatry,0
2005,المنطقة الغربية,Western Region,مدينــــــة ذايد,Zayed City,جلدية وتناسلیة,Dermatology,0
2005,المنطقة الغربية,Western Region,مدينــــــة ذايد,Zayed City,اطفال باطنـــة,Paediatric Medicine,19
2005,المنطقة الغربية,Western Region,مدينــــــة ذايد,Zayed City,جراحة عامــــة,General Surgery,22
2005,المنطقة الغربية,Western Region,مدينــــــة ذايد,Zayed City,جــــراحة صدر,Thoracic Surgery,0
2005,المنطقة الغربية,Western Region,مدينــــــة ذايد,Zayed City,جـــــراحة قلب,Cardiac Surgery,0
2005,المنطقة الغربية,Western Region,مدينــــــة ذايد,Zayed City,جراحة اعصـاب,Neurosurgery,0
2005,المنطقة الغربية,Western Region,مدينــــــة ذايد,Zayed City,مسالك بولیــــة,Urology,5
2005,المنطقة الغربية,Western Region,مدينــــــة ذايد,Zayed City,جراحة اطفـــال,Paediatric Surgery,0
2005,المنطقة الغربية,Western Region,مدينــــــة ذايد,Zayed City,عظام,Orthopedics,10
2005,المنطقة الغربية,Western Region,مدينــــــة ذايد,Zayed City,حروق و تقويم,Plastic Surgery,3
2005,المنطقة الغربية,Western Region,مدينــــــة ذايد,Zayed City,عیــــــــــــــون,Ophthalmology,5
2005,المنطقة الغربية,Western Region,مدينــــــة ذايد,Zayed City,انــــــــف واذن,"Ear, Nose, and Throat",6
2005,المنطقة الغربية,Western Region,مدينــــــة ذايد,Zayed City,نســــاء وولادة,Gynaecology,26
2005,المنطقة الغربية,Western Region,مدينــــــة ذايد,Zayed City,قبـــل الـولادة ,Obstetrics (Antenatal),0
2005,المنطقة الغربية,Western Region,مدينــــــة ذايد,Zayed City,بعـــــد الولادة,Obstetrics (Postnatal),0
2005,المنطقة الغربية,Western Region,مدينــــــة ذايد,Zayed City,طــــــب نووى,Radiation Therapy,0
2005,المنطقة الغربية,Western Region,مدينــــــة ذايد,Zayed City,الاورام,Tumors,0
2005,المنطقة الغربية,Western Region,مدينــــــة ذايد,Zayed City,عـــــام,General Medicine,0
2005,المنطقة الغربية,Western Region,مدينــــــة ذايد,Zayed City,مسنـــــــــــین,Geriatrics,0
2005,المنطقة الغربية,Western Region,مدينــــــة ذايد,Zayed City,تاھیــــــــــــل,Rehabilitation,0
2005,المنطقة الغربية,Western Region,مدينــــــة ذايد,Zayed City,اسنــــــــــــان,Dental,3
2005,المنطقة الغربية,Western Region,مدينــــــة ذايد,Zayed City,حديثى الولادة,Neonatal,20
2005,المنطقة الغربية,Western Region,مدينــــــة ذايد,Zayed City,اخـــــــــــــرى,Others,0
2005,المنطقة الغربية,Western Region,مدينــــــة ذايد,Zayed City,الجملة,Total,153
2005,المنطقة الغربية,Western Region,الجملة,Total,باطنة,Internal Medicine,31
2005,المنطقة الغربية,Western Region,الجملة,Total,صدريــــــة,Pulmonology,0
2005,المنطقة الغربية,Western Region,الجملة,Total,قلــــب,Cardiology,3
2005,المنطقة الغربية,Western Region,الجملة,Total,امراض عصبية,Neurology,0
2005,المنطقة الغربية,Western Region,الجملة,Total,عصبیة ونفسیة,Psychiatry,0
2005,المنطقة الغربية,Western Region,الجملة,Total,جلدية وتناسلیة,Dermatology,0
2005,المنطقة الغربية,Western Region,الجملة,Total,اطفال باطنـــة,Paediatric Medicine,19
2005,المنطقة الغربية,Western Region,الجملة,Total,جراحة عامــــة,General Surgery,22
2005,المنطقة الغربية,Western Region,الجملة,Total,جــــراحة صدر,Thoracic Surgery,0
2005,المنطقة الغربية,Western Region,الجملة,Total,جـــــراحة قلب,Cardiac Surgery,0
2005,المنطقة الغربية,Western Region,الجملة,Total,جراحة اعصـاب,Neurosurgery,0
2005,المنطقة الغربية,Western Region,الجملة,Total,مسالك بولیــــة,Urology,5
2005,المنطقة الغربية,Western Region,الجملة,Total,جراحة اطفـــال,Paediatric Surgery,0
2005,المنطقة الغربية,Western Region,الجملة,Total,عظام,Orthopedics,10
2005,المنطقة الغربية,Western Region,الجملة,Total,حروق و تقويم,Plastic Surgery,3
2005,المنطقة الغربية,Western Region,الجملة,Total,عیــــــــــــــون,Ophthalmology,5
2005,المنطقة الغربية,Western Region,الجملة,Total,انــــــــف واذن,"Ear, Nose, and Throat",6
2005,المنطقة الغربية,Western Region,الجملة,Total,نســــاء وولادة,Gynaecology,26
2005,المنطقة الغربية,Western Region,الجملة,Total,قبـــل الـولادة ,Obstetrics (Antenatal),0
2005,المنطقة الغربية,Western Region,الجملة,Total,بعـــــد الولادة,Obstetrics (Postnatal),0
2005,المنطقة الغربية,Western Region,الجملة,Total,طــــــب نووى,Radiation Therapy,0
2005,المنطقة الغربية,Western Region,الجملة,Total,الاورام,Tumors,0
2005,المنطقة الغربية,Western Region,الجملة,Total,عـــــام,General Medicine,175
2005,المنطقة الغربية,Western Region,الجملة,Total,مسنـــــــــــین,Geriatrics,0
2005,المنطقة الغربية,Western Region,الجملة,Total,تاھیــــــــــــل,Rehabilitation,0
2005,المنطقة الغربية,Western Region,الجملة,Total,اسنــــــــــــان,Dental,3
2005,المنطقة الغربية,Western Region,الجملة,Total,حديثى الولادة,Neonatal,20
2005,المنطقة الغربية,Western Region,الجملة,Total,اخـــــــــــــرى,Others,0
2005,المنطقة الغربية,Western Region,الجملة,Total,الجملة,Total,328
2005,العين,Al Ain,العين,Al Ain,باطنة,Internal Medicine,57
2005,العين,Al Ain,العين,Al Ain,صدريــــــة,Pulmonology,0
2005,العين,Al Ain,العين,Al Ain,قلــــب,Cardiology,9
2005,العين,Al Ain,العين,Al Ain,امراض عصبية,Neurology,0
2005,العين,Al Ain,العين,Al Ain,عصبیة ونفسیة,Psychiatry,17
2005,العين,Al Ain,العين,Al Ain,جلدية وتناسلیة,Dermatology,0
2005,العين,Al Ain,العين,Al Ain,اطفال باطنـــة,Paediatric Medicine,41
2005,العين,Al Ain,العين,Al Ain,جراحة عامــــة,General Surgery,79
2005,العين,Al Ain,العين,Al Ain,جــــراحة صدر,Thoracic Surgery,0
2005,العين,Al Ain,العين,Al Ain,جـــــراحة قلب,Cardiac Surgery,0
2005,العين,Al Ain,العين,Al Ain,جراحة اعصـاب,Neurosurgery,0
2005,العين,Al Ain,العين,Al Ain,مسالك بولیــــة,Urology,0
2005,العين,Al Ain,العين,Al Ain,جراحة اطفـــال,Paediatric Surgery,0
2005,العين,Al Ain,العين,Al Ain,عظام,Orthopedics,32
2005,العين,Al Ain,العين,Al Ain,حروق و تقويم,Plastic Surgery,0
2005,العين,Al Ain,العين,Al Ain,عیــــــــــــــون,Ophthalmology,0
2005,العين,Al Ain,العين,Al Ain,انــــــــف واذن,"Ear, Nose, and Throat",0
2005,العين,Al Ain,العين,Al Ain,نســــاء وولادة,Gynaecology,18
2005,العين,Al Ain,العين,Al Ain,قبـــل الـولادة ,Obstetrics (Antenatal),23
2005,العين,Al Ain,العين,Al Ain,بعـــــد الولادة,Obstetrics (Postnatal),45
2005,العين,Al Ain,العين,Al Ain,طــــــب نووى,Radiation Therapy,0
2005,العين,Al Ain,العين,Al Ain,الاورام,Tumors,0
2005,العين,Al Ain,العين,Al Ain,عـــــام,General Medicine,14
2005,العين,Al Ain,العين,Al Ain,مسنـــــــــــین,Geriatrics,18
2005,العين,Al Ain,العين,Al Ain,تاھیــــــــــــل,Rehabilitation,0
2005,العين,Al Ain,العين,Al Ain,اسنــــــــــــان,Dental,0
2005,العين,Al Ain,العين,Al Ain,حديثى الولادة,Neonatal,22
2005,العين,Al Ain,العين,Al Ain,اخـــــــــــــرى,Others,0
2005,العين,Al Ain,العين,Al Ain,الجملة,Total,375
2005,العين,Al Ain,الوجن,Al Wagan,باطنة,Internal Medicine,10
2005,العين,Al Ain,الوجن,Al Wagan,صدريــــــة,Pulmonology,0
2005,العين,Al Ain,الوجن,Al Wagan,قلــــب,Cardiology,0
2005,العين,Al Ain,الوجن,Al Wagan,امراض عصبية,Neurology,0
2005,العين,Al Ain,الوجن,Al Wagan,عصبیة ونفسیة,Psychiatry,0
2005,العين,Al Ain,الوجن,Al Wagan,جلدية وتناسلیة,Dermatology,0
2005,العين,Al Ain,الوجن,Al Wagan,اطفال باطنـــة,Paediatric Medicine,5
2005,العين,Al Ain,الوجن,Al Wagan,جراحة عامــــة,General Surgery,0
2005,العين,Al Ain,الوجن,Al Wagan,جــــراحة صدر,Thoracic Surgery,0
2005,العين,Al Ain,الوجن,Al Wagan,جـــــراحة قلب,Cardiac Surgery,0
2005,العين,Al Ain,الوجن,Al Wagan,جراحة اعصـاب,Neurosurgery,0
2005,العين,Al Ain,الوجن,Al Wagan,مسالك بولیــــة,Urology,0
2005,العين,Al Ain,الوجن,Al Wagan,جراحة اطفـــال,Paediatric Surgery,0
2005,العين,Al Ain,الوجن,Al Wagan,عظام,Orthopedics,0
2005,العين,Al Ain,الوجن,Al Wagan,حروق و تقويم,Plastic Surgery,0
2005,العين,Al Ain,الوجن,Al Wagan,عیــــــــــــــون,Ophthalmology,0
2005,العين,Al Ain,الوجن,Al Wagan,انــــــــف واذن,"Ear, Nose, and Throat",0
2005,العين,Al Ain,الوجن,Al Wagan,نســــاء وولادة,Gynaecology,0
2005,العين,Al Ain,الوجن,Al Wagan,قبـــل الـولادة ,Obstetrics (Antenatal),0
2005,العين,Al Ain,الوجن,Al Wagan,بعـــــد الولادة,Obstetrics (Postnatal),0
2005,العين,Al Ain,الوجن,Al Wagan,طــــــب نووى,Radiation Therapy,0
2005,العين,Al Ain,الوجن,Al Wagan,الاورام,Tumors,0
2005,العين,Al Ain,الوجن,Al Wagan,عـــــام,General Medicine,0
2005,العين,Al Ain,الوجن,Al Wagan,مسنـــــــــــین,Geriatrics,0
2005,العين,Al Ain,الوجن,Al Wagan,تاھیــــــــــــل,Rehabilitation,0
2005,العين,Al Ain,الوجن,Al Wagan,اسنــــــــــــان,Dental,0
2005,العين,Al Ain,الوجن,Al Wagan,حديثى الولادة,Neonatal,0
2005,العين,Al Ain,الوجن,Al Wagan,اخـــــــــــــرى,Others,0
2005,العين,Al Ain,الوجن,Al Wagan,الجملة,Total,15
2005,العين,Al Ain,توام,Tawam,باطنة,Internal Medicine,94
2005,العين,Al Ain,توام,Tawam,صدريــــــة,Pulmonology,0
2005,العين,Al Ain,توام,Tawam,قلــــب,Cardiology,0
2005,العين,Al Ain,توام,Tawam,امراض عصبية,Neurology,0
2005,العين,Al Ain,توام,Tawam,عصبیة ونفسیة,Psychiatry,0
2005,العين,Al Ain,توام,Tawam,جلدية وتناسلیة,Dermatology,0
2005,العين,Al Ain,توام,Tawam,اطفال باطنـــة,Paediatric Medicine,26
2005,العين,Al Ain,توام,Tawam,جراحة عامــــة,General Surgery,110
2005,العين,Al Ain,توام,Tawam,جــــراحة صدر,Thoracic Surgery,0
2005,العين,Al Ain,توام,Tawam,جـــــراحة قلب,Cardiac Surgery,0
2005,العين,Al Ain,توام,Tawam,جراحة اعصـاب,Neurosurgery,0
2005,العين,Al Ain,توام,Tawam,مسالك بولیــــة,Urology,0
2005,العين,Al Ain,توام,Tawam,جراحة اطفـــال,Paediatric Surgery,20
2005,العين,Al Ain,توام,Tawam,عظام,Orthopedics,0
2005,العين,Al Ain,توام,Tawam,حروق و تقويم,Plastic Surgery,0
2005,العين,Al Ain,توام,Tawam,عیــــــــــــــون,Ophthalmology,0
2005,العين,Al Ain,توام,Tawam,انــــــــف واذن,"Ear, Nose, and Throat",0
2005,العين,Al Ain,توام,Tawam,نســــاء وولادة,Gynaecology,0
2005,العين,Al Ain,توام,Tawam,قبـــل الـولادة ,Obstetrics (Antenatal),34
2005,العين,Al Ain,توام,Tawam,بعـــــد الولادة,Obstetrics (Postnatal),0
2005,العين,Al Ain,توام,Tawam,طــــــب نووى,Radiation Therapy,0
2005,العين,Al Ain,توام,Tawam,الاورام,Tumors,36
2005,العين,Al Ain,توام,Tawam,عـــــام,General Medicine,37
2005,العين,Al Ain,توام,Tawam,مسنـــــــــــین,Geriatrics,0
2005,العين,Al Ain,توام,Tawam,تاھیــــــــــــل,Rehabilitation,0
2005,العين,Al Ain,توام,Tawam,اسنــــــــــــان,Dental,0
2005,العين,Al Ain,توام,Tawam,حديثى الولادة,Neonatal,15
2005,العين,Al Ain,توام,Tawam,اخـــــــــــــرى,Others,27
2005,العين,Al Ain,توام,Tawam,الجملة,Total,399
2005,العين,Al Ain,الســــــــــــاد,Al Sad,باطنة,Internal Medicine,0
2005,العين,Al Ain,الســــــــــــاد,Al Sad,صدريــــــة,Pulmonology,14
2005,العين,Al Ain,الســــــــــــاد,Al Sad,قلــــب,Cardiology,0
2005,العين,Al Ain,الســــــــــــاد,Al Sad,امراض عصبية,Neurology,0
2005,العين,Al Ain,الســــــــــــاد,Al Sad,عصبیة ونفسیة,Psychiatry,0
2005,العين,Al Ain,الســــــــــــاد,Al Sad,جلدية وتناسلیة,Dermatology,0
2005,العين,Al Ain,الســــــــــــاد,Al Sad,اطفال باطنـــة,Paediatric Medicine,0
2005,العين,Al Ain,الســــــــــــاد,Al Sad,جراحة عامــــة,General Surgery,0
2005,العين,Al Ain,الســــــــــــاد,Al Sad,جــــراحة صدر,Thoracic Surgery,0
2005,العين,Al Ain,الســــــــــــاد,Al Sad,جـــــراحة قلب,Cardiac Surgery,0
2005,العين,Al Ain,الســــــــــــاد,Al Sad,جراحة اعصـاب,Neurosurgery,0
2005,العين,Al Ain,الســــــــــــاد,Al Sad,مسالك بولیــــة,Urology,0
2005,العين,Al Ain,الســــــــــــاد,Al Sad,جراحة اطفـــال,Paediatric Surgery,0
2005,العين,Al Ain,الســــــــــــاد,Al Sad,عظام,Orthopedics,0
2005,العين,Al Ain,الســــــــــــاد,Al Sad,حروق و تقويم,Plastic Surgery,0
2005,العين,Al Ain,الســــــــــــاد,Al Sad,عیــــــــــــــون,Ophthalmology,0
2005,العين,Al Ain,الســــــــــــاد,Al Sad,انــــــــف واذن,"Ear, Nose, and Throat",0
2005,العين,Al Ain,الســــــــــــاد,Al Sad,نســــاء وولادة,Gynaecology,0
2005,العين,Al Ain,الســــــــــــاد,Al Sad,قبـــل الـولادة ,Obstetrics (Antenatal),0
2005,العين,Al Ain,الســــــــــــاد,Al Sad,بعـــــد الولادة,Obstetrics (Postnatal),0
2005,العين,Al Ain,الســــــــــــاد,Al Sad,طــــــب نووى,Radiation Therapy,0
2005,العين,Al Ain,الســــــــــــاد,Al Sad,الاورام,Tumors,0
2005,العين,Al Ain,الســــــــــــاد,Al Sad,عـــــام,General Medicine,0
2005,العين,Al Ain,الســــــــــــاد,Al Sad,مسنـــــــــــین,Geriatrics,29
2005,العين,Al Ain,الســــــــــــاد,Al Sad,تاھیــــــــــــل,Rehabilitation,0
2005,العين,Al Ain,الســــــــــــاد,Al Sad,اسنــــــــــــان,Dental,0
2005,العين,Al Ain,الســــــــــــاد,Al Sad,حديثى الولادة,Neonatal,0
2005,العين,Al Ain,الســــــــــــاد,Al Sad,اخـــــــــــــرى,Others,0
2005,العين,Al Ain,الســــــــــــاد,Al Sad,الجملة,Total,43
2005,العين,Al Ain,الجملة,Total,باطنة,Internal Medicine,161
2005,العين,Al Ain,الجملة,Total,صدريــــــة,Pulmonology,14
2005,العين,Al Ain,الجملة,Total,قلــــب,Cardiology,9
2005,العين,Al Ain,الجملة,Total,امراض عصبية,Neurology,0
2005,العين,Al Ain,الجملة,Total,عصبیة ونفسیة,Psychiatry,17
2005,العين,Al Ain,الجملة,Total,جلدية وتناسلیة,Dermatology,0
2005,العين,Al Ain,الجملة,Total,اطفال باطنـــة,Paediatric Medicine,72
2005,العين,Al Ain,الجملة,Total,جراحة عامــــة,General Surgery,189
2005,العين,Al Ain,الجملة,Total,جــــراحة صدر,Thoracic Surgery,0
2005,العين,Al Ain,الجملة,Total,جـــــراحة قلب,Cardiac Surgery,0
2005,العين,Al Ain,الجملة,Total,جراحة اعصـاب,Neurosurgery,0
2005,العين,Al Ain,الجملة,Total,مسالك بولیــــة,Urology,0
2005,العين,Al Ain,الجملة,Total,جراحة اطفـــال,Paediatric Surgery,20
2005,العين,Al Ain,الجملة,Total,عظام,Orthopedics,32
2005,العين,Al Ain,الجملة,Total,حروق و تقويم,Plastic Surgery,0
2005,العين,Al Ain,الجملة,Total,عیــــــــــــــون,Ophthalmology,0
2005,العين,Al Ain,الجملة,Total,انــــــــف واذن,"Ear, Nose, and Throat",0
2005,العين,Al Ain,الجملة,Total,نســــاء وولادة,Gynaecology,18
2005,العين,Al Ain,الجملة,Total,قبـــل الـولادة ,Obstetrics (Antenatal),57
2005,العين,Al Ain,الجملة,Total,بعـــــد الولادة,Obstetrics (Postnatal),45
2005,العين,Al Ain,الجملة,Total,طــــــب نووى,Radiation Therapy,0
2005,العين,Al Ain,الجملة,Total,الاورام,Tumors,36
2005,العين,Al Ain,الجملة,Total,عـــــام,General Medicine,51
2005,العين,Al Ain,الجملة,Total,مسنـــــــــــین,Geriatrics,47
2005,العين,Al Ain,الجملة,Total,تاھیــــــــــــل,Rehabilitation,0
2005,العين,Al Ain,الجملة,Total,اسنــــــــــــان,Dental,0
2005,العين,Al Ain,الجملة,Total,حديثى الولادة,Neonatal,37
2005,العين,Al Ain,الجملة,Total,اخـــــــــــــرى,Others,27
2005,العين,Al Ain,الجملة,Total,الجملة,Total,832
2005,دبي,Dubai,البراحة,Baraha,باطنة,Internal Medicine,25
2005,دبي,Dubai,البراحة,Baraha,صدريــــــة,Pulmonology,0
2005,دبي,Dubai,البراحة,Baraha,قلــــب,Cardiology,6
2005,دبي,Dubai,البراحة,Baraha,امراض عصبية,Neurology,0
2005,دبي,Dubai,البراحة,Baraha,عصبیة ونفسیة,Psychiatry,0
2005,دبي,Dubai,البراحة,Baraha,جلدية وتناسلیة,Dermatology,2
2005,دبي,Dubai,البراحة,Baraha,اطفال باطنـــة,Paediatric Medicine,20
2005,دبي,Dubai,البراحة,Baraha,جراحة عامــــة,General Surgery,27
2005,دبي,Dubai,البراحة,Baraha,جــــراحة صدر,Thoracic Surgery,0
2005,دبي,Dubai,البراحة,Baraha,جـــــراحة قلب,Cardiac Surgery,0
2005,دبي,Dubai,البراحة,Baraha,جراحة اعصـاب,Neurosurgery,5
2005,دبي,Dubai,البراحة,Baraha,مسالك بولیــــة,Urology,8
2005,دبي,Dubai,البراحة,Baraha,جراحة اطفـــال,Paediatric Surgery,0
2005,دبي,Dubai,البراحة,Baraha,عظام,Orthopedics,18
2005,دبي,Dubai,البراحة,Baraha,حروق و تقويم,Plastic Surgery,0
2005,دبي,Dubai,البراحة,Baraha,عیــــــــــــــون,Ophthalmology,7
2005,دبي,Dubai,البراحة,Baraha,انــــــــف واذن,"Ear, Nose, and Throat",12
2005,دبي,Dubai,البراحة,Baraha,نســــاء وولادة,Gynaecology,4
2005,دبي,Dubai,البراحة,Baraha,قبـــل الـولادة ,Obstetrics (Antenatal),26
2005,دبي,Dubai,البراحة,Baraha,بعـــــد الولادة,Obstetrics (Postnatal),0
2005,دبي,Dubai,البراحة,Baraha,طــــــب نووى,Radiation Therapy,0
2005,دبي,Dubai,البراحة,Baraha,الاورام,Tumors,0
2005,دبي,Dubai,البراحة,Baraha,عـــــام,General Medicine,0
2005,دبي,Dubai,البراحة,Baraha,مسنـــــــــــین,Geriatrics,0
2005,دبي,Dubai,البراحة,Baraha,تاھیــــــــــــل,Rehabilitation,0
2005,دبي,Dubai,البراحة,Baraha,اسنــــــــــــان,Dental,6
2005,دبي,Dubai,البراحة,Baraha,حديثى الولادة,Neonatal,8
2005,دبي,Dubai,البراحة,Baraha,اخـــــــــــــرى,Others,5
2005,دبي,Dubai,البراحة,Baraha,الجملة,Total,179
2005,دبي,Dubai,الامــــــــــــل,Al Amal,باطنة,Internal Medicine,0
2005,دبي,Dubai,الامــــــــــــل,Al Amal,صدريــــــة,Pulmonology,0
2005,دبي,Dubai,الامــــــــــــل,Al Amal,قلــــب,Cardiology,0
2005,دبي,Dubai,الامــــــــــــل,Al Amal,امراض عصبية,Neurology,0
2005,دبي,Dubai,الامــــــــــــل,Al Amal,عصبیة ونفسیة,Psychiatry,80
2005,دبي,Dubai,الامــــــــــــل,Al Amal,جلدية وتناسلیة,Dermatology,0
2005,دبي,Dubai,الامــــــــــــل,Al Amal,اطفال باطنـــة,Paediatric Medicine,0
2005,دبي,Dubai,الامــــــــــــل,Al Amal,جراحة عامــــة,General Surgery,0
2005,دبي,Dubai,الامــــــــــــل,Al Amal,جــــراحة صدر,Thoracic Surgery,0
2005,دبي,Dubai,الامــــــــــــل,Al Amal,جـــــراحة قلب,Cardiac Surgery,0
2005,دبي,Dubai,الامــــــــــــل,Al Amal,جراحة اعصـاب,Neurosurgery,0
2005,دبي,Dubai,الامــــــــــــل,Al Amal,مسالك بولیــــة,Urology,0
2005,دبي,Dubai,الامــــــــــــل,Al Amal,جراحة اطفـــال,Paediatric Surgery,0
2005,دبي,Dubai,الامــــــــــــل,Al Amal,عظام,Orthopedics,0
2005,دبي,Dubai,الامــــــــــــل,Al Amal,حروق و تقويم,Plastic Surgery,0
2005,دبي,Dubai,الامــــــــــــل,Al Amal,عیــــــــــــــون,Ophthalmology,0
2005,دبي,Dubai,الامــــــــــــل,Al Amal,انــــــــف واذن,"Ear, Nose, and Throat",0
2005,دبي,Dubai,الامــــــــــــل,Al Amal,نســــاء وولادة,Gynaecology,0
2005,دبي,Dubai,الامــــــــــــل,Al Amal,قبـــل الـولادة ,Obstetrics (Antenatal),0
2005,دبي,Dubai,الامــــــــــــل,Al Amal,بعـــــد الولادة,Obstetrics (Postnatal),0
2005,دبي,Dubai,الامــــــــــــل,Al Amal,طــــــب نووى,Radiation Therapy,0
2005,دبي,Dubai,الامــــــــــــل,Al Amal,الاورام,Tumors,0
2005,دبي,Dubai,الامــــــــــــل,Al Amal,عـــــام,General Medicine,0
2005,دبي,Dubai,الامــــــــــــل,Al Amal,مسنـــــــــــین,Geriatrics,0
2005,دبي,Dubai,الامــــــــــــل,Al Amal,تاھیــــــــــــل,Rehabilitation,0
2005,دبي,Dubai,الامــــــــــــل,Al Amal,اسنــــــــــــان,Dental,0
2005,دبي,Dubai,الامــــــــــــل,Al Amal,حديثى الولادة,Neonatal,0
2005,دبي,Dubai,الامــــــــــــل,Al Amal,اخـــــــــــــرى,Others,0
2005,دبي,Dubai,الامــــــــــــل,Al Amal,الجملة,Total,80
2005,دبي,Dubai,الجملة,Total,باطنة,Internal Medicine,25
2005,دبي,Dubai,الجملة,Total,صدريــــــة,Pulmonology,0
2005,دبي,Dubai,الجملة,Total,قلــــب,Cardiology,6
2005,دبي,Dubai,الجملة,Total,امراض عصبية,Neurology,0
2005,دبي,Dubai,الجملة,Total,عصبیة ونفسیة,Psychiatry,80
2005,دبي,Dubai,الجملة,Total,جلدية وتناسلیة,Dermatology,2
2005,دبي,Dubai,الجملة,Total,اطفال باطنـــة,Paediatric Medicine,20
2005,دبي,Dubai,الجملة,Total,جراحة عامــــة,General Surgery,27
2005,دبي,Dubai,الجملة,Total,جــــراحة صدر,Thoracic Surgery,0
2005,دبي,Dubai,الجملة,Total,جـــــراحة قلب,Cardiac Surgery,0
2005,دبي,Dubai,الجملة,Total,جراحة اعصـاب,Neurosurgery,5
2005,دبي,Dubai,الجملة,Total,مسالك بولیــــة,Urology,8
2005,دبي,Dubai,الجملة,Total,جراحة اطفـــال,Paediatric Surgery,0
2005,دبي,Dubai,الجملة,Total,عظام,Orthopedics,18
2005,دبي,Dubai,الجملة,Total,حروق و تقويم,Plastic Surgery,0
2005,دبي,Dubai,الجملة,Total,عیــــــــــــــون,Ophthalmology,7
2005,دبي,Dubai,الجملة,Total,انــــــــف واذن,"Ear, Nose, and Throat",12
2005,دبي,Dubai,الجملة,Total,نســــاء وولادة,Gynaecology,4
2005,دبي,Dubai,الجملة,Total,قبـــل الـولادة ,Obstetrics (Antenatal),26
2005,دبي,Dubai,الجملة,Total,بعـــــد الولادة,Obstetrics (Postnatal),0
2005,دبي,Dubai,الجملة,Total,طــــــب نووى,Radiation Therapy,0
2005,دبي,Dubai,الجملة,Total,الاورام,Tumors,0
2005,دبي,Dubai,الجملة,Total,عـــــام,General Medicine,0
2005,دبي,Dubai,الجملة,Total,مسنـــــــــــین,Geriatrics,0
2005,دبي,Dubai,الجملة,Total,تاھیــــــــــــل,Rehabilitation,0
2005,دبي,Dubai,الجملة,Total,اسنــــــــــــان,Dental,6
2005,دبي,Dubai,الجملة,Total,حديثى الولادة,Neonatal,8
2005,دبي,Dubai,الجملة,Total,اخـــــــــــــرى,Others,5
2005,دبي,Dubai,الجملة,Total,الجملة,Total,259
2005,الشارقة,Sharjah,الكـــــــــــويت,Kuwait,باطنة,Internal Medicine,22
2005,الشارقة,Sharjah,الكـــــــــــويت,Kuwait,صدريــــــة,Pulmonology,0
2005,الشارقة,Sharjah,الكـــــــــــويت,Kuwait,قلــــب,Cardiology,15
2005,الشارقة,Sharjah,الكـــــــــــويت,Kuwait,امراض عصبية,Neurology,5
2005,الشارقة,Sharjah,الكـــــــــــويت,Kuwait,عصبیة ونفسیة,Psychiatry,0
2005,الشارقة,Sharjah,الكـــــــــــويت,Kuwait,جلدية وتناسلیة,Dermatology,0
2005,الشارقة,Sharjah,الكـــــــــــويت,Kuwait,اطفال باطنـــة,Paediatric Medicine,0
2005,الشارقة,Sharjah,الكـــــــــــويت,Kuwait,جراحة عامــــة,General Surgery,18
2005,الشارقة,Sharjah,الكـــــــــــويت,Kuwait,جــــراحة صدر,Thoracic Surgery,0
2005,الشارقة,Sharjah,الكـــــــــــويت,Kuwait,جـــــراحة قلب,Cardiac Surgery,0
2005,الشارقة,Sharjah,الكـــــــــــويت,Kuwait,جراحة اعصـاب,Neurosurgery,4
2005,الشارقة,Sharjah,الكـــــــــــويت,Kuwait,مسالك بولیــــة,Urology,2
2005,الشارقة,Sharjah,الكـــــــــــويت,Kuwait,جراحة اطفـــال,Paediatric Surgery,0
2005,الشارقة,Sharjah,الكـــــــــــويت,Kuwait,عظام,Orthopedics,22
2005,الشارقة,Sharjah,الكـــــــــــويت,Kuwait,حروق و تقويم,Plastic Surgery,6
2005,الشارقة,Sharjah,الكـــــــــــويت,Kuwait,عیــــــــــــــون,Ophthalmology,2
2005,الشارقة,Sharjah,الكـــــــــــويت,Kuwait,انــــــــف واذن,"Ear, Nose, and Throat",3
2005,الشارقة,Sharjah,الكـــــــــــويت,Kuwait,نســــاء وولادة,Gynaecology,0
2005,الشارقة,Sharjah,الكـــــــــــويت,Kuwait,قبـــل الـولادة ,Obstetrics (Antenatal),0
2005,الشارقة,Sharjah,الكـــــــــــويت,Kuwait,بعـــــد الولادة,Obstetrics (Postnatal),0
2005,الشارقة,Sharjah,الكـــــــــــويت,Kuwait,طــــــب نووى,Radiation Therapy,0
2005,الشارقة,Sharjah,الكـــــــــــويت,Kuwait,الاورام,Tumors,0
2005,الشارقة,Sharjah,الكـــــــــــويت,Kuwait,عـــــام,General Medicine,0
2005,الشارقة,Sharjah,الكـــــــــــويت,Kuwait,مسنـــــــــــین,Geriatrics,0
2005,الشارقة,Sharjah,الكـــــــــــويت,Kuwait,تاھیــــــــــــل,Rehabilitation,0
2005,الشارقة,Sharjah,الكـــــــــــويت,Kuwait,اسنــــــــــــان,Dental,0
2005,الشارقة,Sharjah,الكـــــــــــويت,Kuwait,حديثى الولادة,Neonatal,0
2005,الشارقة,Sharjah,الكـــــــــــويت,Kuwait,اخـــــــــــــرى,Others,7
2005,الشارقة,Sharjah,الكـــــــــــويت,Kuwait,الجملة,Total,106
2005,الشارقة,Sharjah,القاسمــــــــــى,Al Qasemi,باطنة,Internal Medicine,51
2005,الشارقة,Sharjah,القاسمــــــــــى,Al Qasemi,صدريــــــة,Pulmonology,0
2005,الشارقة,Sharjah,القاسمــــــــــى,Al Qasemi,قلــــب,Cardiology,16
2005,الشارقة,Sharjah,القاسمــــــــــى,Al Qasemi,امراض عصبية,Neurology,8
2005,الشارقة,Sharjah,القاسمــــــــــى,Al Qasemi,عصبیة ونفسیة,Psychiatry,0
2005,الشارقة,Sharjah,القاسمــــــــــى,Al Qasemi,جلدية وتناسلیة,Dermatology,2
2005,الشارقة,Sharjah,القاسمــــــــــى,Al Qasemi,اطفال باطنـــة,Paediatric Medicine,21
2005,الشارقة,Sharjah,القاسمــــــــــى,Al Qasemi,جراحة عامــــة,General Surgery,22
2005,الشارقة,Sharjah,القاسمــــــــــى,Al Qasemi,جــــراحة صدر,Thoracic Surgery,0
2005,الشارقة,Sharjah,القاسمــــــــــى,Al Qasemi,جـــــراحة قلب,Cardiac Surgery,0
2005,الشارقة,Sharjah,القاسمــــــــــى,Al Qasemi,جراحة اعصـاب,Neurosurgery,18
2005,الشارقة,Sharjah,القاسمــــــــــى,Al Qasemi,مسالك بولیــــة,Urology,15
2005,الشارقة,Sharjah,القاسمــــــــــى,Al Qasemi,جراحة اطفـــال,Paediatric Surgery,0
2005,الشارقة,Sharjah,القاسمــــــــــى,Al Qasemi,عظام,Orthopedics,25
2005,الشارقة,Sharjah,القاسمــــــــــى,Al Qasemi,حروق و تقويم,Plastic Surgery,8
2005,الشارقة,Sharjah,القاسمــــــــــى,Al Qasemi,عیــــــــــــــون,Ophthalmology,10
2005,الشارقة,Sharjah,القاسمــــــــــى,Al Qasemi,انــــــــف واذن,"Ear, Nose, and Throat",9
2005,الشارقة,Sharjah,القاسمــــــــــى,Al Qasemi,نســــاء وولادة,Gynaecology,25
2005,الشارقة,Sharjah,القاسمــــــــــى,Al Qasemi,قبـــل الـولادة ,Obstetrics (Antenatal),67
2005,الشارقة,Sharjah,القاسمــــــــــى,Al Qasemi,بعـــــد الولادة,Obstetrics (Postnatal),0
2005,الشارقة,Sharjah,القاسمــــــــــى,Al Qasemi,طــــــب نووى,Radiation Therapy,0
2005,الشارقة,Sharjah,القاسمــــــــــى,Al Qasemi,الاورام,Tumors,0
2005,الشارقة,Sharjah,القاسمــــــــــى,Al Qasemi,عـــــام,General Medicine,0
2005,الشارقة,Sharjah,القاسمــــــــــى,Al Qasemi,مسنـــــــــــین,Geriatrics,0
2005,الشارقة,Sharjah,القاسمــــــــــى,Al Qasemi,تاھیــــــــــــل,Rehabilitation,0
2005,الشارقة,Sharjah,القاسمــــــــــى,Al Qasemi,اسنــــــــــــان,Dental,1
2005,الشارقة,Sharjah,القاسمــــــــــى,Al Qasemi,حديثى الولادة,Neonatal,12
2005,الشارقة,Sharjah,القاسمــــــــــى,Al Qasemi,اخـــــــــــــرى,Others,4
2005,الشارقة,Sharjah,القاسمــــــــــى,Al Qasemi,الجملة,Total,314
2005,الشارقة,Sharjah,خــــــــور فكان,Khorfakkan,باطنة,Internal Medicine,40
2005,الشارقة,Sharjah,خــــــــور فكان,Khorfakkan,صدريــــــة,Pulmonology,0
2005,الشارقة,Sharjah,خــــــــور فكان,Khorfakkan,قلــــب,Cardiology,0
2005,الشارقة,Sharjah,خــــــــور فكان,Khorfakkan,امراض عصبية,Neurology,0
2005,الشارقة,Sharjah,خــــــــور فكان,Khorfakkan,عصبیة ونفسیة,Psychiatry,0
2005,الشارقة,Sharjah,خــــــــور فكان,Khorfakkan,جلدية وتناسلیة,Dermatology,0
2005,الشارقة,Sharjah,خــــــــور فكان,Khorfakkan,اطفال باطنـــة,Paediatric Medicine,30
2005,الشارقة,Sharjah,خــــــــور فكان,Khorfakkan,جراحة عامــــة,General Surgery,43
2005,الشارقة,Sharjah,خــــــــور فكان,Khorfakkan,جــــراحة صدر,Thoracic Surgery,0
2005,الشارقة,Sharjah,خــــــــور فكان,Khorfakkan,جـــــراحة قلب,Cardiac Surgery,0
2005,الشارقة,Sharjah,خــــــــور فكان,Khorfakkan,جراحة اعصـاب,Neurosurgery,0
2005,الشارقة,Sharjah,خــــــــور فكان,Khorfakkan,مسالك بولیــــة,Urology,0
2005,الشارقة,Sharjah,خــــــــور فكان,Khorfakkan,جراحة اطفـــال,Paediatric Surgery,0
2005,الشارقة,Sharjah,خــــــــور فكان,Khorfakkan,عظام,Orthopedics,0
2005,الشارقة,Sharjah,خــــــــور فكان,Khorfakkan,حروق و تقويم,Plastic Surgery,0
2005,الشارقة,Sharjah,خــــــــور فكان,Khorfakkan,عیــــــــــــــون,Ophthalmology,0
2005,الشارقة,Sharjah,خــــــــور فكان,Khorfakkan,انــــــــف واذن,"Ear, Nose, and Throat",0
2005,الشارقة,Sharjah,خــــــــور فكان,Khorfakkan,نســــاء وولادة,Gynaecology,24
2005,الشارقة,Sharjah,خــــــــور فكان,Khorfakkan,قبـــل الـولادة ,Obstetrics (Antenatal),0
2005,الشارقة,Sharjah,خــــــــور فكان,Khorfakkan,بعـــــد الولادة,Obstetrics (Postnatal),0
2005,الشارقة,Sharjah,خــــــــور فكان,Khorfakkan,طــــــب نووى,Radiation Therapy,0
2005,الشارقة,Sharjah,خــــــــور فكان,Khorfakkan,الاورام,Tumors,0
2005,الشارقة,Sharjah,خــــــــور فكان,Khorfakkan,عـــــام,General Medicine,3
2005,الشارقة,Sharjah,خــــــــور فكان,Khorfakkan,مسنـــــــــــین,Geriatrics,0
2005,الشارقة,Sharjah,خــــــــور فكان,Khorfakkan,تاھیــــــــــــل,Rehabilitation,0
2005,الشارقة,Sharjah,خــــــــور فكان,Khorfakkan,اسنــــــــــــان,Dental,0
2005,الشارقة,Sharjah,خــــــــور فكان,Khorfakkan,حديثى الولادة,Neonatal,8
2005,الشارقة,Sharjah,خــــــــور فكان,Khorfakkan,اخـــــــــــــرى,Others,0
2005,الشارقة,Sharjah,خــــــــور فكان,Khorfakkan,الجملة,Total,148
2005,الشارقة,Sharjah,كلبـــــــــــــــا,Kalba,باطنة,Internal Medicine,47
2005,الشارقة,Sharjah,كلبـــــــــــــــا,Kalba,صدريــــــة,Pulmonology,0
2005,الشارقة,Sharjah,كلبـــــــــــــــا,Kalba,قلــــب,Cardiology,0
2005,الشارقة,Sharjah,كلبـــــــــــــــا,Kalba,امراض عصبية,Neurology,0
2005,الشارقة,Sharjah,كلبـــــــــــــــا,Kalba,عصبیة ونفسیة,Psychiatry,0
2005,الشارقة,Sharjah,كلبـــــــــــــــا,Kalba,جلدية وتناسلیة,Dermatology,0
2005,الشارقة,Sharjah,كلبـــــــــــــــا,Kalba,اطفال باطنـــة,Paediatric Medicine,14
2005,الشارقة,Sharjah,كلبـــــــــــــــا,Kalba,جراحة عامــــة,General Surgery,0
2005,الشارقة,Sharjah,كلبـــــــــــــــا,Kalba,جــــراحة صدر,Thoracic Surgery,0
2005,الشارقة,Sharjah,كلبـــــــــــــــا,Kalba,جـــــراحة قلب,Cardiac Surgery,0
2005,الشارقة,Sharjah,كلبـــــــــــــــا,Kalba,جراحة اعصـاب,Neurosurgery,0
2005,الشارقة,Sharjah,كلبـــــــــــــــا,Kalba,مسالك بولیــــة,Urology,0
2005,الشارقة,Sharjah,كلبـــــــــــــــا,Kalba,جراحة اطفـــال,Paediatric Surgery,0
2005,الشارقة,Sharjah,كلبـــــــــــــــا,Kalba,عظام,Orthopedics,0
2005,الشارقة,Sharjah,كلبـــــــــــــــا,Kalba,حروق و تقويم,Plastic Surgery,0
2005,الشارقة,Sharjah,كلبـــــــــــــــا,Kalba,عیــــــــــــــون,Ophthalmology,0
2005,الشارقة,Sharjah,كلبـــــــــــــــا,Kalba,انــــــــف واذن,"Ear, Nose, and Throat",0
2005,الشارقة,Sharjah,كلبـــــــــــــــا,Kalba,نســــاء وولادة,Gynaecology,20
2005,الشارقة,Sharjah,كلبـــــــــــــــا,Kalba,قبـــل الـولادة ,Obstetrics (Antenatal),0
2005,الشارقة,Sharjah,كلبـــــــــــــــا,Kalba,بعـــــد الولادة,Obstetrics (Postnatal),0
2005,الشارقة,Sharjah,كلبـــــــــــــــا,Kalba,طــــــب نووى,Radiation Therapy,0
2005,الشارقة,Sharjah,كلبـــــــــــــــا,Kalba,الاورام,Tumors,0
2005,الشارقة,Sharjah,كلبـــــــــــــــا,Kalba,عـــــام,General Medicine,0
2005,الشارقة,Sharjah,كلبـــــــــــــــا,Kalba,مسنـــــــــــین,Geriatrics,0
2005,الشارقة,Sharjah,كلبـــــــــــــــا,Kalba,تاھیــــــــــــل,Rehabilitation,0
2005,الشارقة,Sharjah,كلبـــــــــــــــا,Kalba,اسنــــــــــــان,Dental,0
2005,الشارقة,Sharjah,كلبـــــــــــــــا,Kalba,حديثى الولادة,Neonatal,6
2005,الشارقة,Sharjah,كلبـــــــــــــــا,Kalba,اخـــــــــــــرى,Others,5
2005,الشارقة,Sharjah,كلبـــــــــــــــا,Kalba,الجملة,Total,92
2005,الشارقة,Sharjah,الذيــــــــــــــد,Al Zaid,باطنة,Internal Medicine,8
2005,الشارقة,Sharjah,الذيــــــــــــــد,Al Zaid,صدريــــــة,Pulmonology,2
2005,الشارقة,Sharjah,الذيــــــــــــــد,Al Zaid,قلــــب,Cardiology,2
2005,الشارقة,Sharjah,الذيــــــــــــــد,Al Zaid,امراض عصبية,Neurology,1
2005,الشارقة,Sharjah,الذيــــــــــــــد,Al Zaid,عصبیة ونفسیة,Psychiatry,0
2005,الشارقة,Sharjah,الذيــــــــــــــد,Al Zaid,جلدية وتناسلیة,Dermatology,1
2005,الشارقة,Sharjah,الذيــــــــــــــد,Al Zaid,اطفال باطنـــة,Paediatric Medicine,7
2005,الشارقة,Sharjah,الذيــــــــــــــد,Al Zaid,جراحة عامــــة,General Surgery,7
2005,الشارقة,Sharjah,الذيــــــــــــــد,Al Zaid,جــــراحة صدر,Thoracic Surgery,0
2005,الشارقة,Sharjah,الذيــــــــــــــد,Al Zaid,جـــــراحة قلب,Cardiac Surgery,0
2005,الشارقة,Sharjah,الذيــــــــــــــد,Al Zaid,جراحة اعصـاب,Neurosurgery,0
2005,الشارقة,Sharjah,الذيــــــــــــــد,Al Zaid,مسالك بولیــــة,Urology,0
2005,الشارقة,Sharjah,الذيــــــــــــــد,Al Zaid,جراحة اطفـــال,Paediatric Surgery,3
2005,الشارقة,Sharjah,الذيــــــــــــــد,Al Zaid,عظام,Orthopedics,6
2005,الشارقة,Sharjah,الذيــــــــــــــد,Al Zaid,حروق و تقويم,Plastic Surgery,0
2005,الشارقة,Sharjah,الذيــــــــــــــد,Al Zaid,عیــــــــــــــون,Ophthalmology,1
2005,الشارقة,Sharjah,الذيــــــــــــــد,Al Zaid,انــــــــف واذن,"Ear, Nose, and Throat",1
2005,الشارقة,Sharjah,الذيــــــــــــــد,Al Zaid,نســــاء وولادة,Gynaecology,10
2005,الشارقة,Sharjah,الذيــــــــــــــد,Al Zaid,قبـــل الـولادة ,Obstetrics (Antenatal),5
2005,الشارقة,Sharjah,الذيــــــــــــــد,Al Zaid,بعـــــد الولادة,Obstetrics (Postnatal),4
2005,الشارقة,Sharjah,الذيــــــــــــــد,Al Zaid,طــــــب نووى,Radiation Therapy,0
2005,الشارقة,Sharjah,الذيــــــــــــــد,Al Zaid,الاورام,Tumors,0
2005,الشارقة,Sharjah,الذيــــــــــــــد,Al Zaid,عـــــام,General Medicine,0
2005,الشارقة,Sharjah,الذيــــــــــــــد,Al Zaid,مسنـــــــــــین,Geriatrics,0
2005,الشارقة,Sharjah,الذيــــــــــــــد,Al Zaid,تاھیــــــــــــل,Rehabilitation,0
2005,الشارقة,Sharjah,الذيــــــــــــــد,Al Zaid,اسنــــــــــــان,Dental,0
2005,الشارقة,Sharjah,الذيــــــــــــــد,Al Zaid,حديثى الولادة,Neonatal,5
2005,الشارقة,Sharjah,الذيــــــــــــــد,Al Zaid,اخـــــــــــــرى,Others,6
2005,الشارقة,Sharjah,الذيــــــــــــــد,Al Zaid,الجملة,Total,69
2005,الشارقة,Sharjah,الجملة,Total,باطنة,Internal Medicine,168
2005,الشارقة,Sharjah,الجملة,Total,صدريــــــة,Pulmonology,2
2005,الشارقة,Sharjah,الجملة,Total,قلــــب,Cardiology,33
2005,الشارقة,Sharjah,الجملة,Total,امراض عصبية,Neurology,14
2005,الشارقة,Sharjah,الجملة,Total,عصبیة ونفسیة,Psychiatry,0
2005,الشارقة,Sharjah,الجملة,Total,جلدية وتناسلیة,Dermatology,3
2005,الشارقة,Sharjah,الجملة,Total,اطفال باطنـــة,Paediatric Medicine,72
2005,الشارقة,Sharjah,الجملة,Total,جراحة عامــــة,General Surgery,90
2005,الشارقة,Sharjah,الجملة,Total,جــــراحة صدر,Thoracic Surgery,0
2005,الشارقة,Sharjah,الجملة,Total,جـــــراحة قلب,Cardiac Surgery,0
2005,الشارقة,Sharjah,الجملة,Total,جراحة اعصـاب,Neurosurgery,22
2005,الشارقة,Sharjah,الجملة,Total,مسالك بولیــــة,Urology,17
2005,الشارقة,Sharjah,الجملة,Total,جراحة اطفـــال,Paediatric Surgery,3
2005,الشارقة,Sharjah,الجملة,Total,عظام,Orthopedics,53
2005,الشارقة,Sharjah,الجملة,Total,حروق و تقويم,Plastic Surgery,14
2005,الشارقة,Sharjah,الجملة,Total,عیــــــــــــــون,Ophthalmology,13
2005,الشارقة,Sharjah,الجملة,Total,انــــــــف واذن,"Ear, Nose, and Throat",13
2005,الشارقة,Sharjah,الجملة,Total,نســــاء وولادة,Gynaecology,79
2005,الشارقة,Sharjah,الجملة,Total,قبـــل الـولادة ,Obstetrics (Antenatal),72
2005,الشارقة,Sharjah,الجملة,Total,بعـــــد الولادة,Obstetrics (Postnatal),4
2005,الشارقة,Sharjah,الجملة,Total,طــــــب نووى,Radiation Therapy,0
2005,الشارقة,Sharjah,الجملة,Total,الاورام,Tumors,0
2005,الشارقة,Sharjah,الجملة,Total,عـــــام,General Medicine,3
2005,الشارقة,Sharjah,الجملة,Total,مسنـــــــــــین,Geriatrics,0
2005,الشارقة,Sharjah,الجملة,Total,تاھیــــــــــــل,Rehabilitation,0
2005,الشارقة,Sharjah,الجملة,Total,اسنــــــــــــان,Dental,1
2005,الشارقة,Sharjah,الجملة,Total,حديثى الولادة,Neonatal,31
2005,الشارقة,Sharjah,الجملة,Total,اخـــــــــــــرى,Others,22
2005,الشارقة,Sharjah,الجملة,Total,الجملة,Total,729
2005,عجمان,Ajman,خلیفــــــــــــة,Kalifa,باطنة,Internal Medicine,28
2005,عجمان,Ajman,خلیفــــــــــــة,Kalifa,صدريــــــة,Pulmonology,0
2005,عجمان,Ajman,خلیفــــــــــــة,Kalifa,قلــــب,Cardiology,0
2005,عجمان,Ajman,خلیفــــــــــــة,Kalifa,امراض عصبية,Neurology,0
2005,عجمان,Ajman,خلیفــــــــــــة,Kalifa,عصبیة ونفسیة,Psychiatry,0
2005,عجمان,Ajman,خلیفــــــــــــة,Kalifa,جلدية وتناسلیة,Dermatology,2
2005,عجمان,Ajman,خلیفــــــــــــة,Kalifa,اطفال باطنـــة,Paediatric Medicine,29
2005,عجمان,Ajman,خلیفــــــــــــة,Kalifa,جراحة عامــــة,General Surgery,30
2005,عجمان,Ajman,خلیفــــــــــــة,Kalifa,جــــراحة صدر,Thoracic Surgery,0
2005,عجمان,Ajman,خلیفــــــــــــة,Kalifa,جـــــراحة قلب,Cardiac Surgery,0
2005,عجمان,Ajman,خلیفــــــــــــة,Kalifa,جراحة اعصـاب,Neurosurgery,0
2005,عجمان,Ajman,خلیفــــــــــــة,Kalifa,مسالك بولیــــة,Urology,5
2005,عجمان,Ajman,خلیفــــــــــــة,Kalifa,جراحة اطفـــال,Paediatric Surgery,0
2005,عجمان,Ajman,خلیفــــــــــــة,Kalifa,عظام,Orthopedics,20
2005,عجمان,Ajman,خلیفــــــــــــة,Kalifa,حروق و تقويم,Plastic Surgery,0
2005,عجمان,Ajman,خلیفــــــــــــة,Kalifa,عیــــــــــــــون,Ophthalmology,5
2005,عجمان,Ajman,خلیفــــــــــــة,Kalifa,انــــــــف واذن,"Ear, Nose, and Throat",4
2005,عجمان,Ajman,خلیفــــــــــــة,Kalifa,نســــاء وولادة,Gynaecology,22
2005,عجمان,Ajman,خلیفــــــــــــة,Kalifa,قبـــل الـولادة ,Obstetrics (Antenatal),11
2005,عجمان,Ajman,خلیفــــــــــــة,Kalifa,بعـــــد الولادة,Obstetrics (Postnatal),11
2005,عجمان,Ajman,خلیفــــــــــــة,Kalifa,طــــــب نووى,Radiation Therapy,0
2005,عجمان,Ajman,خلیفــــــــــــة,Kalifa,الاورام,Tumors,0
2005,عجمان,Ajman,خلیفــــــــــــة,Kalifa,عـــــام,General Medicine,4
2005,عجمان,Ajman,خلیفــــــــــــة,Kalifa,مسنـــــــــــین,Geriatrics,0
2005,عجمان,Ajman,خلیفــــــــــــة,Kalifa,تاھیــــــــــــل,Rehabilitation,0
2005,عجمان,Ajman,خلیفــــــــــــة,Kalifa,اسنــــــــــــان,Dental,0
2005,عجمان,Ajman,خلیفــــــــــــة,Kalifa,حديثى الولادة,Neonatal,6
2005,عجمان,Ajman,خلیفــــــــــــة,Kalifa,اخـــــــــــــرى,Others,6
2005,عجمان,Ajman,خلیفــــــــــــة,Kalifa,الجملة,Total,183
2005,عجمان,Ajman,الجملة,Total,باطنة,Internal Medicine,28
2005,عجمان,Ajman,الجملة,Total,صدريــــــة,Pulmonology,0
2005,عجمان,Ajman,الجملة,Total,قلــــب,Cardiology,0
2005,عجمان,Ajman,الجملة,Total,امراض عصبية,Neurology,0
2005,عجمان,Ajman,الجملة,Total,عصبیة ونفسیة,Psychiatry,0
2005,عجمان,Ajman,الجملة,Total,جلدية وتناسلیة,Dermatology,2
2005,عجمان,Ajman,الجملة,Total,اطفال باطنـــة,Paediatric Medicine,29
2005,عجمان,Ajman,الجملة,Total,جراحة عامــــة,General Surgery,30
2005,عجمان,Ajman,الجملة,Total,جــــراحة صدر,Thoracic Surgery,0
2005,عجمان,Ajman,الجملة,Total,جـــــراحة قلب,Cardiac Surgery,0
2005,عجمان,Ajman,الجملة,Total,جراحة اعصـاب,Neurosurgery,0
2005,عجمان,Ajman,الجملة,Total,مسالك بولیــــة,Urology,5
2005,عجمان,Ajman,الجملة,Total,جراحة اطفـــال,Paediatric Surgery,0
2005,عجمان,Ajman,الجملة,Total,عظام,Orthopedics,20
2005,عجمان,Ajman,الجملة,Total,حروق و تقويم,Plastic Surgery,0
2005,عجمان,Ajman,الجملة,Total,عیــــــــــــــون,Ophthalmology,5
2005,عجمان,Ajman,الجملة,Total,انــــــــف واذن,"Ear, Nose, and Throat",4
2005,عجمان,Ajman,الجملة,Total,نســــاء وولادة,Gynaecology,22
2005,عجمان,Ajman,الجملة,Total,قبـــل الـولادة ,Obstetrics (Antenatal),11
2005,عجمان,Ajman,الجملة,Total,بعـــــد الولادة,Obstetrics (Postnatal),11
2005,عجمان,Ajman,الجملة,Total,طــــــب نووى,Radiation Therapy,0
2005,عجمان,Ajman,الجملة,Total,الاورام,Tumors,0
2005,عجمان,Ajman,الجملة,Total,عـــــام,General Medicine,4
2005,عجمان,Ajman,الجملة,Total,مسنـــــــــــین,Geriatrics,0
2005,عجمان,Ajman,الجملة,Total,تاھیــــــــــــل,Rehabilitation,0
2005,عجمان,Ajman,الجملة,Total,اسنــــــــــــان,Dental,0
2005,عجمان,Ajman,الجملة,Total,حديثى الولادة,Neonatal,6
2005,عجمان,Ajman,الجملة,Total,اخـــــــــــــرى,Others,6
2005,عجمان,Ajman,الجملة,Total,الجملة,Total,183
2005,أم القيوين,U.A.Q.,أم القيوين,U.A.Q.,باطنة,Internal Medicine,33
2005,أم القيوين,U.A.Q.,أم القيوين,U.A.Q.,صدريــــــة,Pulmonology,0
2005,أم القيوين,U.A.Q.,أم القيوين,U.A.Q.,قلــــب,Cardiology,0
2005,أم القيوين,U.A.Q.,أم القيوين,U.A.Q.,امراض عصبية,Neurology,0
2005,أم القيوين,U.A.Q.,أم القيوين,U.A.Q.,عصبیة ونفسیة,Psychiatry,0
2005,أم القيوين,U.A.Q.,أم القيوين,U.A.Q.,جلدية وتناسلیة,Dermatology,0
2005,أم القيوين,U.A.Q.,أم القيوين,U.A.Q.,اطفال باطنـــة,Paediatric Medicine,25
2005,أم القيوين,U.A.Q.,أم القيوين,U.A.Q.,جراحة عامــــة,General Surgery,18
2005,أم القيوين,U.A.Q.,أم القيوين,U.A.Q.,جــــراحة صدر,Thoracic Surgery,0
2005,أم القيوين,U.A.Q.,أم القيوين,U.A.Q.,جـــــراحة قلب,Cardiac Surgery,0
2005,أم القيوين,U.A.Q.,أم القيوين,U.A.Q.,جراحة اعصـاب,Neurosurgery,0
2005,أم القيوين,U.A.Q.,أم القيوين,U.A.Q.,مسالك بولیــــة,Urology,9
2005,أم القيوين,U.A.Q.,أم القيوين,U.A.Q.,جراحة اطفـــال,Paediatric Surgery,0
2005,أم القيوين,U.A.Q.,أم القيوين,U.A.Q.,عظام,Orthopedics,13
2005,أم القيوين,U.A.Q.,أم القيوين,U.A.Q.,حروق و تقويم,Plastic Surgery,0
2005,أم القيوين,U.A.Q.,أم القيوين,U.A.Q.,عیــــــــــــــون,Ophthalmology,4
2005,أم القيوين,U.A.Q.,أم القيوين,U.A.Q.,انــــــــف واذن,"Ear, Nose, and Throat",5
2005,أم القيوين,U.A.Q.,أم القيوين,U.A.Q.,نســــاء وولادة,Gynaecology,15
2005,أم القيوين,U.A.Q.,أم القيوين,U.A.Q.,قبـــل الـولادة ,Obstetrics (Antenatal),14
2005,أم القيوين,U.A.Q.,أم القيوين,U.A.Q.,بعـــــد الولادة,Obstetrics (Postnatal),0
2005,أم القيوين,U.A.Q.,أم القيوين,U.A.Q.,طــــــب نووى,Radiation Therapy,0
2005,أم القيوين,U.A.Q.,أم القيوين,U.A.Q.,الاورام,Tumors,0
2005,أم القيوين,U.A.Q.,أم القيوين,U.A.Q.,عـــــام,General Medicine,4
2005,أم القيوين,U.A.Q.,أم القيوين,U.A.Q.,مسنـــــــــــین,Geriatrics,12
2005,أم القيوين,U.A.Q.,أم القيوين,U.A.Q.,تاھیــــــــــــل,Rehabilitation,0
2005,أم القيوين,U.A.Q.,أم القيوين,U.A.Q.,اسنــــــــــــان,Dental,0
2005,أم القيوين,U.A.Q.,أم القيوين,U.A.Q.,حديثى الولادة,Neonatal,7
2005,أم القيوين,U.A.Q.,أم القيوين,U.A.Q.,اخـــــــــــــرى,Others,8
2005,أم القيوين,U.A.Q.,أم القيوين,U.A.Q.,الجملة,Total,167
2005,أم القيوين,U.A.Q.,الجملة,Total,باطنة,Internal Medicine,33
2005,أم القيوين,U.A.Q.,الجملة,Total,صدريــــــة,Pulmonology,0
2005,أم القيوين,U.A.Q.,الجملة,Total,قلــــب,Cardiology,0
2005,أم القيوين,U.A.Q.,الجملة,Total,امراض عصبية,Neurology,0
2005,أم القيوين,U.A.Q.,الجملة,Total,عصبیة ونفسیة,Psychiatry,0
2005,أم القيوين,U.A.Q.,الجملة,Total,جلدية وتناسلیة,Dermatology,0
2005,أم القيوين,U.A.Q.,الجملة,Total,اطفال باطنـــة,Paediatric Medicine,25
2005,أم القيوين,U.A.Q.,الجملة,Total,جراحة عامــــة,General Surgery,18
2005,أم القيوين,U.A.Q.,الجملة,Total,جــــراحة صدر,Thoracic Surgery,0
2005,أم القيوين,U.A.Q.,الجملة,Total,جـــــراحة قلب,Cardiac Surgery,0
2005,أم القيوين,U.A.Q.,الجملة,Total,جراحة اعصـاب,Neurosurgery,0
2005,أم القيوين,U.A.Q.,الجملة,Total,مسالك بولیــــة,Urology,9
2005,أم القيوين,U.A.Q.,الجملة,Total,جراحة اطفـــال,Paediatric Surgery,0
2005,أم القيوين,U.A.Q.,الجملة,Total,عظام,Orthopedics,13
2005,أم القيوين,U.A.Q.,الجملة,Total,حروق و تقويم,Plastic Surgery,0
2005,أم القيوين,U.A.Q.,الجملة,Total,عیــــــــــــــون,Ophthalmology,4
2005,أم القيوين,U.A.Q.,الجملة,Total,انــــــــف واذن,"Ear, Nose, and Throat",5
2005,أم القيوين,U.A.Q.,الجملة,Total,نســــاء وولادة,Gynaecology,15
2005,أم القيوين,U.A.Q.,الجملة,Total,قبـــل الـولادة ,Obstetrics (Antenatal),14
2005,أم القيوين,U.A.Q.,الجملة,Total,بعـــــد الولادة,Obstetrics (Postnatal),0
2005,أم القيوين,U.A.Q.,الجملة,Total,طــــــب نووى,Radiation Therapy,0
2005,أم القيوين,U.A.Q.,الجملة,Total,الاورام,Tumors,0
2005,أم القيوين,U.A.Q.,الجملة,Total,عـــــام,General Medicine,4
2005,أم القيوين,U.A.Q.,الجملة,Total,مسنـــــــــــین,Geriatrics,12
2005,أم القيوين,U.A.Q.,الجملة,Total,تاھیــــــــــــل,Rehabilitation,0
2005,أم القيوين,U.A.Q.,الجملة,Total,اسنــــــــــــان,Dental,0
2005,أم القيوين,U.A.Q.,الجملة,Total,حديثى الولادة,Neonatal,7
2005,أم القيوين,U.A.Q.,الجملة,Total,اخـــــــــــــرى,Others,8
2005,أم القيوين,U.A.Q.,الجملة,Total,الجملة,Total,167
2005,رأس الخيمة,R.A.K.,صقــــــــــــــر,Saqre,باطنة,Internal Medicine,0
2005,رأس الخيمة,R.A.K.,صقــــــــــــــر,Saqre,صدريــــــة,Pulmonology,0
2005,رأس الخيمة,R.A.K.,صقــــــــــــــر,Saqre,قلــــب,Cardiology,0
2005,رأس الخيمة,R.A.K.,صقــــــــــــــر,Saqre,امراض عصبية,Neurology,0
2005,رأس الخيمة,R.A.K.,صقــــــــــــــر,Saqre,عصبیة ونفسیة,Psychiatry,0
2005,رأس الخيمة,R.A.K.,صقــــــــــــــر,Saqre,جلدية وتناسلیة,Dermatology,0
2005,رأس الخيمة,R.A.K.,صقــــــــــــــر,Saqre,اطفال باطنـــة,Paediatric Medicine,20
2005,رأس الخيمة,R.A.K.,صقــــــــــــــر,Saqre,جراحة عامــــة,General Surgery,38
2005,رأس الخيمة,R.A.K.,صقــــــــــــــر,Saqre,جــــراحة صدر,Thoracic Surgery,0
2005,رأس الخيمة,R.A.K.,صقــــــــــــــر,Saqre,جـــــراحة قلب,Cardiac Surgery,0
2005,رأس الخيمة,R.A.K.,صقــــــــــــــر,Saqre,جراحة اعصـاب,Neurosurgery,4
2005,رأس الخيمة,R.A.K.,صقــــــــــــــر,Saqre,مسالك بولیــــة,Urology,8
2005,رأس الخيمة,R.A.K.,صقــــــــــــــر,Saqre,جراحة اطفـــال,Paediatric Surgery,0
2005,رأس الخيمة,R.A.K.,صقــــــــــــــر,Saqre,عظام,Orthopedics,27
2005,رأس الخيمة,R.A.K.,صقــــــــــــــر,Saqre,حروق و تقويم,Plastic Surgery,0
2005,رأس الخيمة,R.A.K.,صقــــــــــــــر,Saqre,عیــــــــــــــون,Ophthalmology,6
2005,رأس الخيمة,R.A.K.,صقــــــــــــــر,Saqre,انــــــــف واذن,"Ear, Nose, and Throat",12
2005,رأس الخيمة,R.A.K.,صقــــــــــــــر,Saqre,نســــاء وولادة,Gynaecology,21
2005,رأس الخيمة,R.A.K.,صقــــــــــــــر,Saqre,قبـــل الـولادة ,Obstetrics (Antenatal),19
2005,رأس الخيمة,R.A.K.,صقــــــــــــــر,Saqre,بعـــــد الولادة,Obstetrics (Postnatal),52
2005,رأس الخيمة,R.A.K.,صقــــــــــــــر,Saqre,طــــــب نووى,Radiation Therapy,0
2005,رأس الخيمة,R.A.K.,صقــــــــــــــر,Saqre,الاورام,Tumors,0
2005,رأس الخيمة,R.A.K.,صقــــــــــــــر,Saqre,عـــــام,General Medicine,0
2005,رأس الخيمة,R.A.K.,صقــــــــــــــر,Saqre,مسنـــــــــــین,Geriatrics,0
2005,رأس الخيمة,R.A.K.,صقــــــــــــــر,Saqre,تاھیــــــــــــل,Rehabilitation,0
2005,رأس الخيمة,R.A.K.,صقــــــــــــــر,Saqre,اسنــــــــــــان,Dental,0
2005,رأس الخيمة,R.A.K.,صقــــــــــــــر,Saqre,حديثى الولادة,Neonatal,16
2005,رأس الخيمة,R.A.K.,صقــــــــــــــر,Saqre,اخـــــــــــــرى,Others,9
2005,رأس الخيمة,R.A.K.,صقــــــــــــــر,Saqre,الجملة,Total,232
2005,رأس الخيمة,R.A.K.,إبراهيم حمد,Ebrahim Obeidulla,باطنة,Internal Medicine,109
2005,رأس الخيمة,R.A.K.,إبراهيم حمد,Ebrahim Obeidulla,صدريــــــة,Pulmonology,0
2005,رأس الخيمة,R.A.K.,إبراهيم حمد,Ebrahim Obeidulla,قلــــب,Cardiology,26
2005,رأس الخيمة,R.A.K.,إبراهيم حمد,Ebrahim Obeidulla,امراض عصبية,Neurology,0
2005,رأس الخيمة,R.A.K.,إبراهيم حمد,Ebrahim Obeidulla,عصبیة ونفسیة,Psychiatry,16
2005,رأس الخيمة,R.A.K.,إبراهيم حمد,Ebrahim Obeidulla,جلدية وتناسلیة,Dermatology,2
2005,رأس الخيمة,R.A.K.,إبراهيم حمد,Ebrahim Obeidulla,اطفال باطنـــة,Paediatric Medicine,0
2005,رأس الخيمة,R.A.K.,إبراهيم حمد,Ebrahim Obeidulla,جراحة عامــــة,General Surgery,0
2005,رأس الخيمة,R.A.K.,إبراهيم حمد,Ebrahim Obeidulla,جــــراحة صدر,Thoracic Surgery,0
2005,رأس الخيمة,R.A.K.,إبراهيم حمد,Ebrahim Obeidulla,جـــــراحة قلب,Cardiac Surgery,0
2005,رأس الخيمة,R.A.K.,إبراهيم حمد,Ebrahim Obeidulla,جراحة اعصـاب,Neurosurgery,0
2005,رأس الخيمة,R.A.K.,إبراهيم حمد,Ebrahim Obeidulla,مسالك بولیــــة,Urology,0
2005,رأس الخيمة,R.A.K.,إبراهيم حمد,Ebrahim Obeidulla,جراحة اطفـــال,Paediatric Surgery,0
2005,رأس الخيمة,R.A.K.,إبراهيم حمد,Ebrahim Obeidulla,عظام,Orthopedics,0
2005,رأس الخيمة,R.A.K.,إبراهيم حمد,Ebrahim Obeidulla,حروق و تقويم,Plastic Surgery,0
2005,رأس الخيمة,R.A.K.,إبراهيم حمد,Ebrahim Obeidulla,عیــــــــــــــون,Ophthalmology,0
2005,رأس الخيمة,R.A.K.,إبراهيم حمد,Ebrahim Obeidulla,انــــــــف واذن,"Ear, Nose, and Throat",0
2005,رأس الخيمة,R.A.K.,إبراهيم حمد,Ebrahim Obeidulla,نســــاء وولادة,Gynaecology,0
2005,رأس الخيمة,R.A.K.,إبراهيم حمد,Ebrahim Obeidulla,قبـــل الـولادة ,Obstetrics (Antenatal),0
2005,رأس الخيمة,R.A.K.,إبراهيم حمد,Ebrahim Obeidulla,بعـــــد الولادة,Obstetrics (Postnatal),0
2005,رأس الخيمة,R.A.K.,إبراهيم حمد,Ebrahim Obeidulla,طــــــب نووى,Radiation Therapy,0
2005,رأس الخيمة,R.A.K.,إبراهيم حمد,Ebrahim Obeidulla,الاورام,Tumors,0
2005,رأس الخيمة,R.A.K.,إبراهيم حمد,Ebrahim Obeidulla,عـــــام,General Medicine,0
2005,رأس الخيمة,R.A.K.,إبراهيم حمد,Ebrahim Obeidulla,مسنـــــــــــین,Geriatrics,0
2005,رأس الخيمة,R.A.K.,إبراهيم حمد,Ebrahim Obeidulla,تاھیــــــــــــل,Rehabilitation,0
2005,رأس الخيمة,R.A.K.,إبراهيم حمد,Ebrahim Obeidulla,اسنــــــــــــان,Dental,0
2005,رأس الخيمة,R.A.K.,إبراهيم حمد,Ebrahim Obeidulla,حديثى الولادة,Neonatal,0
2005,رأس الخيمة,R.A.K.,إبراهيم حمد,Ebrahim Obeidulla,اخـــــــــــــرى,Others,0
2005,رأس الخيمة,R.A.K.,إبراهيم حمد,Ebrahim Obeidulla,الجملة,Total,153
2005,رأس الخيمة,R.A.K.,شعــــــــــــم,Shaam,باطنة,Internal Medicine,15
2005,رأس الخيمة,R.A.K.,شعــــــــــــم,Shaam,صدريــــــة,Pulmonology,0
2005,رأس الخيمة,R.A.K.,شعــــــــــــم,Shaam,قلــــب,Cardiology,0
2005,رأس الخيمة,R.A.K.,شعــــــــــــم,Shaam,امراض عصبية,Neurology,0
2005,رأس الخيمة,R.A.K.,شعــــــــــــم,Shaam,عصبیة ونفسیة,Psychiatry,0
2005,رأس الخيمة,R.A.K.,شعــــــــــــم,Shaam,جلدية وتناسلیة,Dermatology,0
2005,رأس الخيمة,R.A.K.,شعــــــــــــم,Shaam,اطفال باطنـــة,Paediatric Medicine,0
2005,رأس الخيمة,R.A.K.,شعــــــــــــم,Shaam,جراحة عامــــة,General Surgery,0
2005,رأس الخيمة,R.A.K.,شعــــــــــــم,Shaam,جــــراحة صدر,Thoracic Surgery,0
2005,رأس الخيمة,R.A.K.,شعــــــــــــم,Shaam,جـــــراحة قلب,Cardiac Surgery,0
2005,رأس الخيمة,R.A.K.,شعــــــــــــم,Shaam,جراحة اعصـاب,Neurosurgery,0
2005,رأس الخيمة,R.A.K.,شعــــــــــــم,Shaam,مسالك بولیــــة,Urology,0
2005,رأس الخيمة,R.A.K.,شعــــــــــــم,Shaam,جراحة اطفـــال,Paediatric Surgery,0
2005,رأس الخيمة,R.A.K.,شعــــــــــــم,Shaam,عظام,Orthopedics,0
2005,رأس الخيمة,R.A.K.,شعــــــــــــم,Shaam,حروق و تقويم,Plastic Surgery,0
2005,رأس الخيمة,R.A.K.,شعــــــــــــم,Shaam,عیــــــــــــــون,Ophthalmology,0
2005,رأس الخيمة,R.A.K.,شعــــــــــــم,Shaam,انــــــــف واذن,"Ear, Nose, and Throat",0
2005,رأس الخيمة,R.A.K.,شعــــــــــــم,Shaam,نســــاء وولادة,Gynaecology,0
2005,رأس الخيمة,R.A.K.,شعــــــــــــم,Shaam,قبـــل الـولادة ,Obstetrics (Antenatal),0
2005,رأس الخيمة,R.A.K.,شعــــــــــــم,Shaam,بعـــــد الولادة,Obstetrics (Postnatal),0
2005,رأس الخيمة,R.A.K.,شعــــــــــــم,Shaam,طــــــب نووى,Radiation Therapy,0
2005,رأس الخيمة,R.A.K.,شعــــــــــــم,Shaam,الاورام,Tumors,0
2005,رأس الخيمة,R.A.K.,شعــــــــــــم,Shaam,عـــــام,General Medicine,0
2005,رأس الخيمة,R.A.K.,شعــــــــــــم,Shaam,مسنـــــــــــین,Geriatrics,52
2005,رأس الخيمة,R.A.K.,شعــــــــــــم,Shaam,تاھیــــــــــــل,Rehabilitation,0
2005,رأس الخيمة,R.A.K.,شعــــــــــــم,Shaam,اسنــــــــــــان,Dental,0
2005,رأس الخيمة,R.A.K.,شعــــــــــــم,Shaam,حديثى الولادة,Neonatal,0
2005,رأس الخيمة,R.A.K.,شعــــــــــــم,Shaam,اخـــــــــــــرى,Others,0
2005,رأس الخيمة,R.A.K.,شعــــــــــــم,Shaam,الجملة,Total,67
2005,رأس الخيمة,R.A.K.,الجملة,Total,باطنة,Internal Medicine,124
2005,رأس الخيمة,R.A.K.,الجملة,Total,صدريــــــة,Pulmonology,0
2005,رأس الخيمة,R.A.K.,الجملة,Total,قلــــب,Cardiology,26
2005,رأس الخيمة,R.A.K.,الجملة,Total,امراض عصبية,Neurology,0
2005,رأس الخيمة,R.A.K.,الجملة,Total,عصبیة ونفسیة,Psychiatry,16
2005,رأس الخيمة,R.A.K.,الجملة,Total,جلدية وتناسلیة,Dermatology,2
2005,رأس الخيمة,R.A.K.,الجملة,Total,اطفال باطنـــة,Paediatric Medicine,20
2005,رأس الخيمة,R.A.K.,الجملة,Total,جراحة عامــــة,General Surgery,38
2005,رأس الخيمة,R.A.K.,الجملة,Total,جــــراحة صدر,Thoracic Surgery,0
2005,رأس الخيمة,R.A.K.,الجملة,Total,جـــــراحة قلب,Cardiac Surgery,0
2005,رأس الخيمة,R.A.K.,الجملة,Total,جراحة اعصـاب,Neurosurgery,4
2005,رأس الخيمة,R.A.K.,الجملة,Total,مسالك بولیــــة,Urology,8
2005,رأس الخيمة,R.A.K.,الجملة,Total,جراحة اطفـــال,Paediatric Surgery,0
2005,رأس الخيمة,R.A.K.,الجملة,Total,عظام,Orthopedics,27
2005,رأس الخيمة,R.A.K.,الجملة,Total,حروق و تقويم,Plastic Surgery,0
2005,رأس الخيمة,R.A.K.,الجملة,Total,عیــــــــــــــون,Ophthalmology,6
2005,رأس الخيمة,R.A.K.,الجملة,Total,انــــــــف واذن,"Ear, Nose, and Throat",12
2005,رأس الخيمة,R.A.K.,الجملة,Total,نســــاء وولادة,Gynaecology,21
2005,رأس الخيمة,R.A.K.,الجملة,Total,قبـــل الـولادة ,Obstetrics (Antenatal),19
2005,رأس الخيمة,R.A.K.,الجملة,Total,بعـــــد الولادة,Obstetrics (Postnatal),52
2005,رأس الخيمة,R.A.K.,الجملة,Total,طــــــب نووى,Radiation Therapy,0
2005,رأس الخيمة,R.A.K.,الجملة,Total,الاورام,Tumors,0
2005,رأس الخيمة,R.A.K.,الجملة,Total,عـــــام,General Medicine,0
2005,رأس الخيمة,R.A.K.,الجملة,Total,مسنـــــــــــین,Geriatrics,52
2005,رأس الخيمة,R.A.K.,الجملة,Total,تاھیــــــــــــل,Rehabilitation,0
2005,رأس الخيمة,R.A.K.,الجملة,Total,اسنــــــــــــان,Dental,0
2005,رأس الخيمة,R.A.K.,الجملة,Total,حديثى الولادة,Neonatal,16
2005,رأس الخيمة,R.A.K.,الجملة,Total,اخـــــــــــــرى,Others,9
2005,رأس الخيمة,R.A.K.,الجملة,Total,الجملة,Total,452
2005,الفجيرة,Fujairah,الجملــــــــــة,Fujairah,باطنة,Internal Medicine,40
2005,الفجيرة,Fujairah,الجملــــــــــة,Fujairah,صدريــــــة,Pulmonology,0
2005,الفجيرة,Fujairah,الجملــــــــــة,Fujairah,قلــــب,Cardiology,0
2005,الفجيرة,Fujairah,الجملــــــــــة,Fujairah,امراض عصبية,Neurology,0
2005,الفجيرة,Fujairah,الجملــــــــــة,Fujairah,عصبیة ونفسیة,Psychiatry,0
2005,الفجيرة,Fujairah,الجملــــــــــة,Fujairah,جلدية وتناسلیة,Dermatology,0
2005,الفجيرة,Fujairah,الجملــــــــــة,Fujairah,اطفال باطنـــة,Paediatric Medicine,18
2005,الفجيرة,Fujairah,الجملــــــــــة,Fujairah,جراحة عامــــة,General Surgery,40
2005,الفجيرة,Fujairah,الجملــــــــــة,Fujairah,جــــراحة صدر,Thoracic Surgery,0
2005,الفجيرة,Fujairah,الجملــــــــــة,Fujairah,جـــــراحة قلب,Cardiac Surgery,0
2005,الفجيرة,Fujairah,الجملــــــــــة,Fujairah,جراحة اعصـاب,Neurosurgery,0
2005,الفجيرة,Fujairah,الجملــــــــــة,Fujairah,مسالك بولیــــة,Urology,0
2005,الفجيرة,Fujairah,الجملــــــــــة,Fujairah,جراحة اطفـــال,Paediatric Surgery,0
2005,الفجيرة,Fujairah,الجملــــــــــة,Fujairah,عظام,Orthopedics,20
2005,الفجيرة,Fujairah,الجملــــــــــة,Fujairah,حروق و تقويم,Plastic Surgery,0
2005,الفجيرة,Fujairah,الجملــــــــــة,Fujairah,عیــــــــــــــون,Ophthalmology,12
2005,الفجيرة,Fujairah,الجملــــــــــة,Fujairah,انــــــــف واذن,"Ear, Nose, and Throat",4
2005,الفجيرة,Fujairah,الجملــــــــــة,Fujairah,نســــاء وولادة,Gynaecology,30
2005,الفجيرة,Fujairah,الجملــــــــــة,Fujairah,قبـــل الـولادة ,Obstetrics (Antenatal),0
2005,الفجيرة,Fujairah,الجملــــــــــة,Fujairah,بعـــــد الولادة,Obstetrics (Postnatal),0
2005,الفجيرة,Fujairah,الجملــــــــــة,Fujairah,طــــــب نووى,Radiation Therapy,0
2005,الفجيرة,Fujairah,الجملــــــــــة,Fujairah,الاورام,Tumors,0
2005,الفجيرة,Fujairah,الجملــــــــــة,Fujairah,عـــــام,General Medicine,4
2005,الفجيرة,Fujairah,الجملــــــــــة,Fujairah,مسنـــــــــــین,Geriatrics,0
2005,الفجيرة,Fujairah,الجملــــــــــة,Fujairah,تاھیــــــــــــل,Rehabilitation,0
2005,الفجيرة,Fujairah,الجملــــــــــة,Fujairah,اسنــــــــــــان,Dental,0
2005,الفجيرة,Fujairah,الجملــــــــــة,Fujairah,حديثى الولادة,Neonatal,12
2005,الفجيرة,Fujairah,الجملــــــــــة,Fujairah,اخـــــــــــــرى,Others,12
2005,الفجيرة,Fujairah,الجملــــــــــة,Fujairah,الجملة,Total,192
2005,الفجيرة,Fujairah,الفجـــــــــــیرة,Deba,باطنة,Internal Medicine,30
2005,الفجيرة,Fujairah,الفجـــــــــــیرة,Deba,صدريــــــة,Pulmonology,0
2005,الفجيرة,Fujairah,الفجـــــــــــیرة,Deba,قلــــب,Cardiology,0
2005,الفجيرة,Fujairah,الفجـــــــــــیرة,Deba,امراض عصبية,Neurology,0
2005,الفجيرة,Fujairah,الفجـــــــــــیرة,Deba,عصبیة ونفسیة,Psychiatry,0
2005,الفجيرة,Fujairah,الفجـــــــــــیرة,Deba,جلدية وتناسلیة,Dermatology,0
2005,الفجيرة,Fujairah,الفجـــــــــــیرة,Deba,اطفال باطنـــة,Paediatric Medicine,17
2005,الفجيرة,Fujairah,الفجـــــــــــیرة,Deba,جراحة عامــــة,General Surgery,18
2005,الفجيرة,Fujairah,الفجـــــــــــیرة,Deba,جــــراحة صدر,Thoracic Surgery,0
2005,الفجيرة,Fujairah,الفجـــــــــــیرة,Deba,جـــــراحة قلب,Cardiac Surgery,0
2005,الفجيرة,Fujairah,الفجـــــــــــیرة,Deba,جراحة اعصـاب,Neurosurgery,0
2005,الفجيرة,Fujairah,الفجـــــــــــیرة,Deba,مسالك بولیــــة,Urology,0
2005,الفجيرة,Fujairah,الفجـــــــــــیرة,Deba,جراحة اطفـــال,Paediatric Surgery,0
2005,الفجيرة,Fujairah,الفجـــــــــــیرة,Deba,عظام,Orthopedics,0
2005,الفجيرة,Fujairah,الفجـــــــــــیرة,Deba,حروق و تقويم,Plastic Surgery,0
2005,الفجيرة,Fujairah,الفجـــــــــــیرة,Deba,عیــــــــــــــون,Ophthalmology,0
2005,الفجيرة,Fujairah,الفجـــــــــــیرة,Deba,انــــــــف واذن,"Ear, Nose, and Throat",9
2005,الفجيرة,Fujairah,الفجـــــــــــیرة,Deba,نســــاء وولادة,Gynaecology,22
2005,الفجيرة,Fujairah,الفجـــــــــــیرة,Deba,قبـــل الـولادة ,Obstetrics (Antenatal),0
2005,الفجيرة,Fujairah,الفجـــــــــــیرة,Deba,بعـــــد الولادة,Obstetrics (Postnatal),0
2005,الفجيرة,Fujairah,الفجـــــــــــیرة,Deba,طــــــب نووى,Radiation Therapy,0
2005,الفجيرة,Fujairah,الفجـــــــــــیرة,Deba,الاورام,Tumors,0
2005,الفجيرة,Fujairah,الفجـــــــــــیرة,Deba,عـــــام,General Medicine,0
2005,الفجيرة,Fujairah,الفجـــــــــــیرة,Deba,مسنـــــــــــین,Geriatrics,0
2005,الفجيرة,Fujairah,الفجـــــــــــیرة,Deba,تاھیــــــــــــل,Rehabilitation,0
2005,الفجيرة,Fujairah,الفجـــــــــــیرة,Deba,اسنــــــــــــان,Dental,0
2005,الفجيرة,Fujairah,الفجـــــــــــیرة,Deba,حديثى الولادة,Neonatal,6
2005,الفجيرة,Fujairah,الفجـــــــــــیرة,Deba,اخـــــــــــــرى,Others,0
2005,الفجيرة,Fujairah,الفجـــــــــــیرة,Deba,الجملة,Total,102
2005,الفجيرة,Fujairah,الجملة,Total,باطنة,Internal Medicine,70
2005,الفجيرة,Fujairah,الجملة,Total,صدريــــــة,Pulmonology,0
2005,الفجيرة,Fujairah,الجملة,Total,قلــــب,Cardiology,0
2005,الفجيرة,Fujairah,الجملة,Total,امراض عصبية,Neurology,0
2005,الفجيرة,Fujairah,الجملة,Total,عصبیة ونفسیة,Psychiatry,0
2005,الفجيرة,Fujairah,الجملة,Total,جلدية وتناسلیة,Dermatology,0
2005,الفجيرة,Fujairah,الجملة,Total,اطفال باطنـــة,Paediatric Medicine,35
2005,الفجيرة,Fujairah,الجملة,Total,جراحة عامــــة,General Surgery,58
2005,الفجيرة,Fujairah,الجملة,Total,جــــراحة صدر,Thoracic Surgery,0
2005,الفجيرة,Fujairah,الجملة,Total,جـــــراحة قلب,Cardiac Surgery,0
2005,الفجيرة,Fujairah,الجملة,Total,جراحة اعصـاب,Neurosurgery,0
2005,الفجيرة,Fujairah,الجملة,Total,مسالك بولیــــة,Urology,0
2005,الفجيرة,Fujairah,الجملة,Total,جراحة اطفـــال,Paediatric Surgery,0
2005,الفجيرة,Fujairah,الجملة,Total,عظام,Orthopedics,20
2005,الفجيرة,Fujairah,الجملة,Total,حروق و تقويم,Plastic Surgery,0
2005,الفجيرة,Fujairah,الجملة,Total,عیــــــــــــــون,Ophthalmology,12
2005,الفجيرة,Fujairah,الجملة,Total,انــــــــف واذن,"Ear, Nose, and Throat",13
2005,الفجيرة,Fujairah,الجملة,Total,نســــاء وولادة,Gynaecology,52
2005,الفجيرة,Fujairah,الجملة,Total,قبـــل الـولادة ,Obstetrics (Antenatal),0
2005,الفجيرة,Fujairah,الجملة,Total,بعـــــد الولادة,Obstetrics (Postnatal),0
2005,الفجيرة,Fujairah,الجملة,Total,طــــــب نووى,Radiation Therapy,0
2005,الفجيرة,Fujairah,الجملة,Total,الاورام,Tumors,0
2005,الفجيرة,Fujairah,الجملة,Total,عـــــام,General Medicine,4
2005,الفجيرة,Fujairah,الجملة,Total,مسنـــــــــــین,Geriatrics,0
2005,الفجيرة,Fujairah,الجملة,Total,تاھیــــــــــــل,Rehabilitation,0
2005,الفجيرة,Fujairah,الجملة,Total,اسنــــــــــــان,Dental,0
2005,الفجيرة,Fujairah,الجملة,Total,حديثى الولادة,Neonatal,18
2005,الفجيرة,Fujairah,الجملة,Total,اخـــــــــــــرى,Others,12
2005,الفجيرة,Fujairah,الجملة,Total,الجملة,Total,294
2005,الجملة,Total,الجملة,Total,باطنة,Internal Medicine,778
2005,الجملة,Total,الجملة,Total,صدريــــــة,Pulmonology,16
2005,الجملة,Total,الجملة,Total,قلــــب,Cardiology,185
2005,الجملة,Total,الجملة,Total,امراض عصبية,Neurology,24
2005,الجملة,Total,الجملة,Total,عصبیة ونفسیة,Psychiatry,113
2005,الجملة,Total,الجملة,Total,جلدية وتناسلیة,Dermatology,10
2005,الجملة,Total,الجملة,Total,اطفال باطنـــة,Paediatric Medicine,384
2005,الجملة,Total,الجملة,Total,جراحة عامــــة,General Surgery,578
2005,الجملة,Total,الجملة,Total,جــــراحة صدر,Thoracic Surgery,5
2005,الجملة,Total,الجملة,Total,جـــــراحة قلب,Cardiac Surgery,4
2005,الجملة,Total,الجملة,Total,جراحة اعصـاب,Neurosurgery,52
2005,الجملة,Total,الجملة,Total,مسالك بولیــــة,Urology,90
2005,الجملة,Total,الجملة,Total,جراحة اطفـــال,Paediatric Surgery,51
2005,الجملة,Total,الجملة,Total,عظام,Orthopedics,252
2005,الجملة,Total,الجملة,Total,حروق و تقويم,Plastic Surgery,41
2005,الجملة,Total,الجملة,Total,عیــــــــــــــون,Ophthalmology,84
2005,الجملة,Total,الجملة,Total,انــــــــف واذن,"Ear, Nose, and Throat",108
2005,الجملة,Total,الجملة,Total,نســــاء وولادة,Gynaecology,297
2005,الجملة,Total,الجملة,Total,قبـــل الـولادة ,Obstetrics (Antenatal),260
2005,الجملة,Total,الجملة,Total,بعـــــد الولادة,Obstetrics (Postnatal),112
2005,الجملة,Total,الجملة,Total,طــــــب نووى,Radiation Therapy,0
2005,الجملة,Total,الجملة,Total,الاورام,Tumors,92
2005,الجملة,Total,الجملة,Total,عـــــام,General Medicine,265
2005,الجملة,Total,الجملة,Total,مسنـــــــــــین,Geriatrics,111
2005,الجملة,Total,الجملة,Total,تاھیــــــــــــل,Rehabilitation,0
2005,الجملة,Total,الجملة,Total,اسنــــــــــــان,Dental,10
2005,الجملة,Total,الجملة,Total,حديثى الولادة,Neonatal,197
2005,الجملة,Total,الجملة,Total,اخـــــــــــــرى,Others,154
2005,الجملة,Total,الجملة,Total,الجملة,Total,"4,273.00"
2005,الجملة,Total,النسبة المئوية ٪,Percentage of Total Beds,باطنة,Internal Medicine,18.21
2005,الجملة,Total,النسبة المئوية ٪,Percentage of Total Beds,صدريــــــة,Pulmonology,0.37
2005,الجملة,Total,النسبة المئوية ٪,Percentage of Total Beds,قلــــب,Cardiology,4.33
2005,الجملة,Total,النسبة المئوية ٪,Percentage of Total Beds,امراض عصبية,Neurology,0.56
2005,الجملة,Total,النسبة المئوية ٪,Percentage of Total Beds,عصبیة ونفسیة,Psychiatry,2.64
2005,الجملة,Total,النسبة المئوية ٪,Percentage of Total Beds,جلدية وتناسلیة,Dermatology,0.23
2005,الجملة,Total,النسبة المئوية ٪,Percentage of Total Beds,اطفال باطنـــة,Paediatric Medicine,8.99
2005,الجملة,Total,النسبة المئوية ٪,Percentage of Total Beds,جراحة عامــــة,General Surgery,13.53
2005,الجملة,Total,النسبة المئوية ٪,Percentage of Total Beds,جــــراحة صدر,Thoracic Surgery,0.12
2005,الجملة,Total,النسبة المئوية ٪,Percentage of Total Beds,جـــــراحة قلب,Cardiac Surgery,0.09
2005,الجملة,Total,النسبة المئوية ٪,Percentage of Total Beds,جراحة اعصـاب,Neurosurgery,1.22
2005,الجملة,Total,النسبة المئوية ٪,Percentage of Total Beds,مسالك بولیــــة,Urology,2.11
2005,الجملة,Total,النسبة المئوية ٪,Percentage of Total Beds,جراحة اطفـــال,Paediatric Surgery,1.19
2005,الجملة,Total,النسبة المئوية ٪,Percentage of Total Beds,عظام,Orthopedics,5.90
2005,الجملة,Total,النسبة المئوية ٪,Percentage of Total Beds,حروق و تقويم,Plastic Surgery,0.96
2005,الجملة,Total,النسبة المئوية ٪,Percentage of Total Beds,عیــــــــــــــون,Ophthalmology,1.97
2005,الجملة,Total,النسبة المئوية ٪,Percentage of Total Beds,انــــــــف واذن,"Ear, Nose, and Throat",2.53
2005,الجملة,Total,النسبة المئوية ٪,Percentage of Total Beds,نســــاء وولادة,Gynaecology,6.95
2005,الجملة,Total,النسبة المئوية ٪,Percentage of Total Beds,قبـــل الـولادة ,Obstetrics (Antenatal),6.08
2005,الجملة,Total,النسبة المئوية ٪,Percentage of Total Beds,بعـــــد الولادة,Obstetrics (Postnatal),2.62
2005,الجملة,Total,النسبة المئوية ٪,Percentage of Total Beds,طــــــب نووى,Radiation Therapy,0.00
2005,الجملة,Total,النسبة المئوية ٪,Percentage of Total Beds,الاورام,Tumors,2.15
2005,الجملة,Total,النسبة المئوية ٪,Percentage of Total Beds,عـــــام,General Medicine,6.20
2005,الجملة,Total,النسبة المئوية ٪,Percentage of Total Beds,مسنـــــــــــین,Geriatrics,2.60
2005,الجملة,Total,النسبة المئوية ٪,Percentage of Total Beds,تاھیــــــــــــل,Rehabilitation,0.00
2005,الجملة,Total,النسبة المئوية ٪,Percentage of Total Beds,اسنــــــــــــان,Dental,0.23
2005,الجملة,Total,النسبة المئوية ٪,Percentage of Total Beds,حديثى الولادة,Neonatal,4.61
2005,الجملة,Total,النسبة المئوية ٪,Percentage of Total Beds,اخـــــــــــــرى,Others,3.60
2005,الجملة,Total,النسبة المئوية ٪,Percentage of Total Beds,الجملة,Total,100.00
